part,feature,source,option,restricted,expanded,creole,n,by_lang,by_L1,by_total
contact,gender distinctions in personal pronouns,apics,In 2nd person but not in 3rd person,0.0,0.0,2,,,,
contact,gender distinctions in personal pronouns,apics,In 3rd person singular and plural only,0.0,2.0,1,,,,
contact,gender distinctions in personal pronouns,apics,In 3rd person singular only,1.0,0.0,13,,,,
contact,gender distinctions in personal pronouns,apics,No gender distinctions,9.0,7.0,40,,,,
contact,inclusive/exclusive distinction,apics,Inclusive and exclusive differentiated,0.0,2.0,5,,,,
contact,inclusive/exclusive distinction,apics,No inclusive/exclusive distinction,9.0,7.0,49,,,,
contact,politeness distinctions in 2nd person,apics,Binary pronominal politeness distinction,2.0,2.0,13,,,,
contact,politeness distinctions in 2nd person,apics,Multiple pronominal politeness distinction,0.0,0.0,3,,,,
contact,politeness distinctions in 2nd person,apics,No pronominal politeness distinction,7.0,6.0,29,,,,
contact,politeness distinctions in 2nd person,apics,Titles used as second person forms,0.0,0.0,8,,,,
contact,dual in independent pronouns,apics,Dual form in all three persons,1.0,2.0,4,,,,
contact,dual in independent pronouns,apics,Dual form only in first person,1.0,0.0,0,,,,
contact,dual in independent pronouns,apics,No special dual form,7.0,7.0,50,,,,
contact,person syncretism,apics,No person syncretism,9.0,8.0,47,,,,
contact,person syncretism,apics,Syncretism between 1st and 2nd person,0.0,0.0,3,,,,
contact,person syncretism,apics,Syncretism between 2nd and 3rd person,0.0,1.0,4,,,,
contact,special dependent forms for subject and object,apics,Dependent subject and object forms,0.0,4.0,21,,,,
contact,special dependent forms for subject and object,apics,No dependent person forms,9.0,5.0,15,,,,
contact,special dependent forms for subject and object,apics,Only dependent object forms,0.0,0.0,1,,,,
contact,special dependent forms for subject and object,apics,Only dependent subject forms,0.0,1.0,17,,,,
contact,alignment of case marking of personal pronouns,apics,Accusative alignment,4.0,3.0,43,,,,
contact,alignment of case marking of personal pronouns,apics,Neutral alignment,5.0,6.0,11,,,,
contact,nominal plural marker and 3rd-person-plural pronoun,apics,Differentiation,3.0,1.0,17,,,,
contact,nominal plural marker and 3rd-person-plural pronoun,apics,Identity,0.0,3.0,13,,,,
contact,nominal plural marker and 3rd-person-plural pronoun,apics,No nominal plural word,6.0,4.0,16,,,,
contact,nominal plural marker and 3rd-person-plural pronoun,apics,Overlap,0.0,1.0,8,,,,
world,inclusive/exclusive distinction,grambank,yes,,,,2289.0,52.6,37.3,29.4
world,gender in independent 3rd person pronouns,grambank,yes,,,,2306.0,24.1,40.9,50.6
world,male/female distinction in 2nd person pronouns,grambank,yes,,,,2112.0,5.5,7.6,9.7
world,dual for all person categories,grambank,yes,,,,2264.0,26.3,1.4,5.4
world,morphological case on pronominal core arguments,grambank,yes,,,,2173.0,45.2,61.1,66.8
world,phonologically independent reflexive pronoun,grambank,yes,,,,1657.0,49.8,89.7,82.6
world,special adnominal possessive pronouns,grambank,yes,,,,1876.0,36.7,40.9,53.6
world,logophoric pronoun,grambank,yes,,,,1541.0,6.7,1.3,0.9
world,inclusive/exclusive distinction,wals,No inclusive/exclusive,,,,119.0,59.8,66.3,71.9
world,inclusive/exclusive distinction,wals,Inclusive/exclusive,,,,63.0,31.7,29.8,25.0
world,inclusive/exclusive distinction,wals,'We' the same as 'I',,,,10.0,5.0,3.9,3.0
world,inclusive/exclusive distinction,wals,Only inclusive,,,,5.0,2.5,0.0,0.0
world,inclusive/exclusive distinction,wals,No 'we',,,,2.0,1.0,0.0,0.0
world,gender in pronouns,wals,No gender distinctions,,,,252.0,67.2,22.1,19.1
world,gender in pronouns,wals,3rd person singular only,,,,61.0,16.3,52.8,63.4
world,gender in pronouns,wals,"3rd person only, but also non-singular",,,,41.0,10.9,7.0,6.7
world,gender in pronouns,wals,In 3rd person + 1st and/or 2nd person,,,,18.0,4.8,18.0,10.8
world,gender in pronouns,wals,1st or 2nd person but not 3rd,,,,2.0,0.5,0.0,0.0
world,gender in pronouns,wals,3rd person non-singular only,,,,1.0,0.3,0.0,0.0
world,politeness distinctions,wals,No politeness distinction,,,,134.0,65.4,15.0,29.7
world,politeness distinctions,wals,Binary politeness distinction,,,,49.0,23.9,58.4,45.8
world,politeness distinctions,wals,Multiple politeness distinctions,,,,15.0,7.3,17.3,16.8
world,politeness distinctions,wals,Pronouns avoided for politeness,,,,7.0,3.4,9.4,7.8
world,3rd person pronouns and demonstratives,wals,Unrelated,,,,99.0,44.2,29.4,20.0
world,3rd person pronouns and demonstratives,wals,Related for all demonstratives,,,,52.0,23.2,28.8,43.7
world,3rd person pronouns and demonstratives,wals,Related by gender markers,,,,24.0,10.7,7.1,9.4
world,3rd person pronouns and demonstratives,wals,Related to remote demonstratives,,,,18.0,8.0,6.2,3.8
world,3rd person pronouns and demonstratives,wals,Related for non-human reference,,,,17.0,7.6,28.5,23.0
world,3rd person pronouns and demonstratives,wals,Related to non-remote demonstratives,,,,14.0,6.2,0.1,0.1
rule2,inclusive/exclusive distinction,grambank,ABSENT,,,San Andres Creole English,,,,
rule2,gender in independent 3rd person pronouns,grambank,LOST,,,San Andres Creole English,,,,
rule2,male/female distinction in 2nd person pronouns,grambank,ABSENT,,,San Andres Creole English,,,,
rule2,dual for all person categories,grambank,ABSENT,,,San Andres Creole English,,,,
rule2,morphological case on pronominal core arguments,grambank,LOST,,,San Andres Creole English,,,,
rule2,phonologically independent reflexive pronoun,grambank,KEPT,,,San Andres Creole English,,,,
rule2,special adnominal possessive pronouns,grambank,LOST,,,San Andres Creole English,,,,
rule2,logophoric pronoun,grambank,ABSENT,,,San Andres Creole English,,,,
rule2,inclusive/exclusive distinction,grambank,ABSENT,,,Bahamas Creole English,,,,
rule2,gender in independent 3rd person pronouns,grambank,KEPT,,,Bahamas Creole English,,,,
rule2,male/female distinction in 2nd person pronouns,grambank,ABSENT,,,Bahamas Creole English,,,,
rule2,dual for all person categories,grambank,ABSENT,,,Bahamas Creole English,,,,
rule2,morphological case on pronominal core arguments,grambank,KEPT,,,Bahamas Creole English,,,,
rule2,phonologically independent reflexive pronoun,grambank,KEPT,,,Bahamas Creole English,,,,
rule2,special adnominal possessive pronouns,grambank,KEPT,,,Bahamas Creole English,,,,
rule2,inclusive/exclusive distinction,grambank,GAINED,,,Tok Pisin,,,,
rule2,gender in independent 3rd person pronouns,grambank,LOST,,,Tok Pisin,,,,
rule2,male/female distinction in 2nd person pronouns,grambank,ABSENT,,,Tok Pisin,,,,
rule2,dual for all person categories,grambank,GAINED,,,Tok Pisin,,,,
rule2,morphological case on pronominal core arguments,grambank,LOST,,,Tok Pisin,,,,
rule2,phonologically independent reflexive pronoun,grambank,KEPT,,,Tok Pisin,,,,
rule2,special adnominal possessive pronouns,grambank,KEPT,,,Tok Pisin,,,,
rule2,logophoric pronoun,grambank,ABSENT,,,Tok Pisin,,,,
rule2,inclusive/exclusive distinction,grambank,GAINED,,,Bislama,,,,
rule2,gender in independent 3rd person pronouns,grambank,LOST,,,Bislama,,,,
rule2,male/female distinction in 2nd person pronouns,grambank,ABSENT,,,Bislama,,,,
rule2,dual for all person categories,grambank,GAINED,,,Bislama,,,,
rule2,morphological case on pronominal core arguments,grambank,KEPT,,,Bislama,,,,
rule2,phonologically independent reflexive pronoun,grambank,LOST,,,Bislama,,,,
rule2,special adnominal possessive pronouns,grambank,LOST,,,Bislama,,,,
rule2,logophoric pronoun,grambank,ABSENT,,,Bislama,,,,
rule2,inclusive/exclusive distinction,grambank,ABSENT,,,Saramaccan,,,,
rule2,gender in independent 3rd person pronouns,grambank,LOST,,,Saramaccan,,,,
rule2,male/female distinction in 2nd person pronouns,grambank,ABSENT,,,Saramaccan,,,,
rule2,dual for all person categories,grambank,ABSENT,,,Saramaccan,,,,
rule2,morphological case on pronominal core arguments,grambank,KEPT,,,Saramaccan,,,,
rule2,phonologically independent reflexive pronoun,grambank,KEPT,,,Saramaccan,,,,
rule2,special adnominal possessive pronouns,grambank,KEPT,,,Saramaccan,,,,
rule2,logophoric pronoun,grambank,ABSENT,,,Saramaccan,,,,
rule2,inclusive/exclusive distinction,grambank,ABSENT,,,Jamaican Creole English,,,,
rule2,gender in independent 3rd person pronouns,grambank,LOST,,,Jamaican Creole English,,,,
rule2,male/female distinction in 2nd person pronouns,grambank,ABSENT,,,Jamaican Creole English,,,,
rule2,dual for all person categories,grambank,ABSENT,,,Jamaican Creole English,,,,
rule2,morphological case on pronominal core arguments,grambank,LOST,,,Jamaican Creole English,,,,
rule2,phonologically independent reflexive pronoun,grambank,LOST,,,Jamaican Creole English,,,,
rule2,special adnominal possessive pronouns,grambank,KEPT,,,Jamaican Creole English,,,,
rule2,logophoric pronoun,grambank,ABSENT,,,Jamaican Creole English,,,,
rule2,inclusive/exclusive distinction,grambank,ABSENT,,,Haitian,,,,
rule2,gender in independent 3rd person pronouns,grambank,LOST,,,Haitian,,,,
rule2,male/female distinction in 2nd person pronouns,grambank,ABSENT,,,Haitian,,,,
rule2,dual for all person categories,grambank,ABSENT,,,Haitian,,,,
rule2,morphological case on pronominal core arguments,grambank,LOST,,,Haitian,,,,
rule2,phonologically independent reflexive pronoun,grambank,ABSENT,,,Haitian,,,,
rule2,logophoric pronoun,grambank,ABSENT,,,Haitian,,,,
rule2,inclusive/exclusive distinction,grambank,ABSENT,,,Berbice Creole Dutch,,,,
rule2,gender in independent 3rd person pronouns,grambank,LOST,,,Berbice Creole Dutch,,,,
rule2,male/female distinction in 2nd person pronouns,grambank,ABSENT,,,Berbice Creole Dutch,,,,
rule2,dual for all person categories,grambank,ABSENT,,,Berbice Creole Dutch,,,,
rule2,morphological case on pronominal core arguments,grambank,LOST,,,Berbice Creole Dutch,,,,
rule2,phonologically independent reflexive pronoun,grambank,KEPT,,,Berbice Creole Dutch,,,,
rule2,special adnominal possessive pronouns,grambank,KEPT,,,Berbice Creole Dutch,,,,
rule2,logophoric pronoun,grambank,ABSENT,,,Berbice Creole Dutch,,,,
rule2,inclusive/exclusive distinction,grambank,ABSENT,,,Kinshasa Lingala,,,,
rule2,gender in independent 3rd person pronouns,grambank,KEPT,,,Kinshasa Lingala,,,,
rule2,dual for all person categories,grambank,ABSENT,,,Kinshasa Lingala,,,,
rule2,morphological case on pronominal core arguments,grambank,ABSENT,,,Kinshasa Lingala,,,,
rule2,inclusive/exclusive distinction,grambank,ABSENT,,,Nubi,,,,
rule2,gender in independent 3rd person pronouns,grambank,LOST,,,Nubi,,,,
rule2,male/female distinction in 2nd person pronouns,grambank,LOST,,,Nubi,,,,
rule2,dual for all person categories,grambank,LOST,,,Nubi,,,,
rule2,morphological case on pronominal core arguments,grambank,LOST,,,Nubi,,,,
rule2,phonologically independent reflexive pronoun,grambank,ABSENT,,,Nubi,,,,
rule2,special adnominal possessive pronouns,grambank,KEPT,,,Nubi,,,,
rule2,logophoric pronoun,grambank,ABSENT,,,Nubi,,,,
rule2,inclusive/exclusive distinction,grambank,ABSENT,,,South Sudanese Creole Arabic,,,,
rule2,gender in independent 3rd person pronouns,grambank,LOST,,,South Sudanese Creole Arabic,,,,
rule2,male/female distinction in 2nd person pronouns,grambank,LOST,,,South Sudanese Creole Arabic,,,,
rule2,dual for all person categories,grambank,LOST,,,South Sudanese Creole Arabic,,,,
rule2,morphological case on pronominal core arguments,grambank,LOST,,,South Sudanese Creole Arabic,,,,
rule2,phonologically independent reflexive pronoun,grambank,ABSENT,,,South Sudanese Creole Arabic,,,,
rule2,special adnominal possessive pronouns,grambank,KEPT,,,South Sudanese Creole Arabic,,,,
rule2,logophoric pronoun,grambank,ABSENT,,,South Sudanese Creole Arabic,,,,
rule2,inclusive/exclusive distinction,grambank,LOST,,,Sri Lanka Malay,,,,
rule2,gender in independent 3rd person pronouns,grambank,ABSENT,,,Sri Lanka Malay,,,,
rule2,male/female distinction in 2nd person pronouns,grambank,ABSENT,,,Sri Lanka Malay,,,,
rule2,dual for all person categories,grambank,ABSENT,,,Sri Lanka Malay,,,,
rule2,morphological case on pronominal core arguments,grambank,GAINED,,,Sri Lanka Malay,,,,
rule2,phonologically independent reflexive pronoun,grambank,LOST,,,Sri Lanka Malay,,,,
rule2,special adnominal possessive pronouns,grambank,ABSENT,,,Sri Lanka Malay,,,,
rule2,logophoric pronoun,grambank,ABSENT,,,Sri Lanka Malay,,,,
rule2,inclusive/exclusive distinction,grambank,KEPT,,,Baba Malay,,,,
rule2,gender in independent 3rd person pronouns,grambank,ABSENT,,,Baba Malay,,,,
rule2,male/female distinction in 2nd person pronouns,grambank,ABSENT,,,Baba Malay,,,,
rule2,dual for all person categories,grambank,ABSENT,,,Baba Malay,,,,
rule2,morphological case on pronominal core arguments,grambank,ABSENT,,,Baba Malay,,,,
rule2,phonologically independent reflexive pronoun,grambank,KEPT,,,Baba Malay,,,,
rule2,special adnominal possessive pronouns,grambank,ABSENT,,,Baba Malay,,,,
rule2,logophoric pronoun,grambank,ABSENT,,,Baba Malay,,,,
rule2,inclusive/exclusive distinction,grambank,KEPT,,,Ambonese Malay,,,,
rule2,gender in independent 3rd person pronouns,grambank,GAINED,,,Ambonese Malay,,,,
rule2,male/female distinction in 2nd person pronouns,grambank,ABSENT,,,Ambonese Malay,,,,
rule2,dual for all person categories,grambank,ABSENT,,,Ambonese Malay,,,,
rule2,morphological case on pronominal core arguments,grambank,ABSENT,,,Ambonese Malay,,,,
rule2,phonologically independent reflexive pronoun,grambank,KEPT,,,Ambonese Malay,,,,
rule2,special adnominal possessive pronouns,grambank,ABSENT,,,Ambonese Malay,,,,
rule2,logophoric pronoun,grambank,ABSENT,,,Ambonese Malay,,,,
