word,lang,language,title,romanised,provenance,loan_score,is_loan,scored,v3_form,sim_to_v3
atom,ja,Japanese,原子,,wikipedia,0.0,False,True,atom,
atom,zh,Mandarin,原子,,unclassified,,,False,atom,
atom,ko,Korean,원자,wʌntʃa,wikipedia,0.2941,False,True,atom,0.2989
atom,hi,Hindi,परमाणु,paramaɳu,wikipedia,0.4737,False,True,atom,0.4138
atom,ar,Arabic,ذرة,ðra,wikipedia,0.5,False,False,atom,
atom,sw,Swahili,Atomu,atomu,wikipedia,0.875,True,True,atom,0.8
atom,id,Indonesian,Atom,atom,wikipedia,1.0,True,True,atom,1.0
atom,tr,Turkish,Atom,atom,wikipedia,1.0,True,True,atom,1.0
atom,ru,Russian,Атом,atom,wikipedia,1.0,True,True,atom,1.0
atom,es,Spanish,Átomo,atomo,wikipedia,0.875,True,True,atom,0.8
atom,fi,Finnish,Atomi,atomi,wikipedia,0.875,True,True,atom,0.8
atom,vi,Vietnamese,Nguyên tử,tɯ,wikipedia,0.5,False,True,atom,0.4569
atom,ha,Hausa,Kwayar Zarra,kwajar,wikipedia,0.1667,False,True,atom,0.408
atom,ta,Tamil,அணு,aɳu,wikipedia,0.3571,False,True,atom,0.5991
atom,he,Hebrew,אטום,atum,wikipedia,1.0,True,False,atom,
atom,is,Icelandic,Frumeind,frumeind,wikipedia,0.3684,False,True,atom,0.3621
atom,hu,Hungarian,Atom,atom,wikipedia,1.0,True,True,atom,1.0
atom,cs,Czech,Atom,atom,wikipedia,1.0,True,True,atom,1.0
proton,ja,Japanese,陽子,,wikipedia,0.0,False,True,piroton,
proton,zh,Mandarin,質子,,unclassified,,,False,piroton,
proton,ko,Korean,양성자,jaŋsʌŋtʃa,wikipedia,0.1724,False,True,piroton,0.3563
proton,hi,Hindi,प्रोटॉन,proʈɔn,wikipedia,1.0,True,True,piroton,0.8424
proton,ar,Arabic,بروتون,brutun,wikipedia,1.0,True,False,piroton,
proton,sw,Swahili,Protoni,protoni,wikipedia,0.9231,True,True,piroton,0.7143
proton,id,Indonesian,Proton,proton,wikipedia,1.0,True,True,piroton,0.8571
proton,tr,Turkish,Proton,proton,wikipedia,1.0,True,True,piroton,0.8571
proton,ru,Russian,Протон,proton,wikipedia,1.0,True,True,piroton,0.8571
proton,es,Spanish,Protón,proton,wikipedia,1.0,True,True,piroton,0.8571
proton,fi,Finnish,Protoni,protoni,wikipedia,0.9231,True,True,piroton,0.7143
proton,vi,Vietnamese,Proton,pzoton,wikipedia,0.7917,True,True,piroton,0.798
proton,ta,Tamil,நேர்மின்னி,nerminni,wikipedia,0.3448,False,True,piroton,0.4763
proton,he,Hebrew,פרוטון,prutun,wikipedia,1.0,True,False,piroton,
proton,is,Icelandic,Róteind,roteind,wikipedia,0.5385,False,True,piroton,0.4557
proton,hu,Hungarian,Proton,proton,wikipedia,1.0,True,True,piroton,0.8571
proton,cs,Czech,Proton,proton,wikipedia,1.0,True,True,piroton,0.8571
electron,ja,Japanese,電子,,wikipedia,0.0,False,True,elekitiron,
electron,zh,Mandarin,电子,,unclassified,,,False,elekitiron,
electron,ko,Korean,전자,tʃʌntʃa,wikipedia,0.129,False,True,elekitiron,0.3914
electron,hi,Hindi,इलेक्ट्रॉन,ilekʈrɔn,wikipedia,1.0,True,True,elekitiron,0.7828
electron,ar,Arabic,إلكترون,ilktrun,wikipedia,1.0,True,False,elekitiron,
electron,sw,Swahili,Elektroni,elektroni,wikipedia,0.9394,True,True,elekitiron,0.7
electron,id,Indonesian,Elektron,elektron,wikipedia,1.0,True,True,elekitiron,0.8
electron,tr,Turkish,Elektron,elektron,wikipedia,1.0,True,True,elekitiron,0.8
electron,ru,Russian,Электрон,elektron,wikipedia,1.0,True,True,elekitiron,0.8
electron,es,Spanish,Electrón,elektron,wikipedia,1.0,True,True,elekitiron,0.8
electron,fi,Finnish,Elektroni,elektroni,wikipedia,0.9394,True,True,elekitiron,0.7
electron,vi,Vietnamese,Electron,elekʈon,wikipedia,0.8387,True,True,elekitiron,0.6931
electron,ta,Tamil,எதிர்மின்னி,etirminni,wikipedia,0.2121,False,True,elekitiron,0.4862
electron,he,Hebrew,אלקטרון,alktrun,wikipedia,1.0,True,False,elekitiron,
electron,is,Icelandic,Rafeind,rafeind,wikipedia,0.2903,False,True,elekitiron,0.5517
electron,hu,Hungarian,Elektron,elektron,wikipedia,1.0,True,True,elekitiron,0.8
electron,cs,Czech,Elektron,elektron,wikipedia,1.0,True,True,elekitiron,0.8
molecule,ja,Japanese,分子,,wikipedia,0.0,False,True,molekula,
molecule,zh,Mandarin,分子,,unclassified,,,False,molekula,
molecule,ko,Korean,분자,puntʃa,wikipedia,0.1429,False,True,molekula,0.5496
molecule,hi,Hindi,अणु,aɳu,wikipedia,0.1786,False,True,molekula,0.3125
molecule,ar,Arabic,جزيء,dʒziʔ,wikipedia,0.25,False,False,molekula,
molecule,sw,Swahili,Molekuli,molekuli,wikipedia,1.0,True,True,molekula,0.9741
molecule,id,Indonesian,Molekul,molekul,wikipedia,0.9286,True,True,molekula,0.875
molecule,tr,Turkish,Molekül,molekyl,wikipedia,0.9286,True,True,molekula,0.8664
molecule,ru,Russian,Молекула,molekula,wikipedia,1.0,True,True,molekula,1.0
molecule,es,Spanish,Molécula,molekula,wikipedia,1.0,True,True,molekula,1.0
molecule,fi,Finnish,Molekyyli,molekyyli,wikipedia,0.9333,True,True,molekula,0.8582
molecule,vi,Vietnamese,Phân tử,fən tɯ,wikipedia,0.1429,False,True,molekula,0.4504
molecule,ta,Tamil,மூலக்கூறு,mulakkuru,wikipedia,0.8485,True,True,molekula,0.8084
molecule,he,Hebrew,מולקולה,mulkulh,wikipedia,1.0,True,False,molekula,
molecule,is,Icelandic,Sameind,sameind,wikipedia,0.1071,False,True,molekula,0.5
molecule,hu,Hungarian,Molekula,molekula,wikipedia,1.0,True,True,molekula,1.0
molecule,cs,Czech,Molekula,molekula,wikipedia,1.0,True,True,molekula,1.0
oxygen,ja,Japanese,酸素,,wikipedia,0.0,False,True,okisiɡen,
oxygen,zh,Mandarin,氧,,unclassified,,,False,okisiɡen,
oxygen,ko,Korean,산소,sanso,wikipedia,0.2381,False,True,okisiɡen,0.3922
oxygen,hi,Hindi,ऑक्सीजन,ɔksidʒan,wikipedia,0.8077,True,True,okisiɡen,0.6918
oxygen,ar,Arabic,أكسجين,aksdʒin,wikipedia,0.75,True,False,okisiɡen,
oxygen,sw,Swahili,Oksijeni,oksidʒeni,wikipedia,0.8077,True,True,okisiɡen,0.6341
oxygen,id,Indonesian,Oksigen,oksigen,wikipedia,0.8077,True,True,okisiɡen,0.875
oxygen,tr,Turkish,Oksijen,oksiʒen,wikipedia,0.8077,True,True,okisiɡen,0.8254
oxygen,ru,Russian,Кислород,kislorod,wikipedia,0.3871,False,True,okisiɡen,0.5711
oxygen,es,Spanish,Oxígeno,oksigeno,wikipedia,0.75,True,True,okisiɡen,0.75
oxygen,fi,Finnish,Happi,happi,wikipedia,0.1905,False,True,okisiɡen,0.4504
oxygen,vi,Vietnamese,Oxy,osi,wikipedia,0.4286,False,True,okisiɡen,0.375
oxygen,ta,Tamil,ஒட்சிசன்,oʈsisan,wikipedia,0.6154,False,True,okisiɡen,0.7672
oxygen,he,Hebrew,חמצן,xmtsn,wikipedia,0.75,True,False,okisiɡen,
oxygen,is,Icelandic,Súrefni,surefni,wikipedia,0.2692,False,True,okisiɡen,0.4332
oxygen,hu,Hungarian,Oxigén,oksigen,wikipedia,0.8077,True,True,okisiɡen,0.875
oxygen,cs,Czech,Kyslík,kislik,wikipedia,0.4167,False,True,okisiɡen,0.5603
hydrogen,ja,Japanese,水素,,wikipedia,0.0,False,True,hidiroɡen,
hydrogen,zh,Mandarin,氢,,unclassified,,,False,hidiroɡen,
hydrogen,ko,Korean,수소,suso,wikipedia,0.0,False,True,hidiroɡen,0.3487
hydrogen,hi,Hindi,हाइड्रोजन,haiɖrodʒan,wikipedia,0.75,True,True,hidiroɡen,0.65
hydrogen,ar,Arabic,هيدروجين,hidrudʒin,wikipedia,0.75,True,False,hidiroɡen,
hydrogen,sw,Swahili,Hidrojeni,hidrodʒeni,wikipedia,0.8077,True,True,hidiroɡen,0.6707
hydrogen,id,Indonesian,Hidrogen,hidrogen,wikipedia,0.8077,True,True,hidiroɡen,0.8889
hydrogen,tr,Turkish,Hidrojen,hidroʒen,wikipedia,0.8077,True,True,hidiroɡen,0.8448
hydrogen,ru,Russian,Водород,vodorod,wikipedia,0.4615,False,True,hidiroɡen,0.6379
hydrogen,es,Spanish,Hidrógeno,idrogeno,wikipedia,0.75,True,True,hidiroɡen,0.6667
hydrogen,fi,Finnish,Vety,vety,wikipedia,0.1905,False,True,hidiroɡen,0.3563
hydrogen,vi,Vietnamese,Hydro,hizzo,wikipedia,0.1905,False,True,hidiroɡen,0.4904
hydrogen,ta,Tamil,ஐதரசன்,aitarasan,wikipedia,0.7,True,True,hidiroɡen,0.8084
hydrogen,he,Hebrew,מימן,mimn,wikipedia,0.3333,False,False,hidiroɡen,
hydrogen,is,Icelandic,Vetni,vetni,wikipedia,0.2381,False,True,hidiroɡen,0.4406
hydrogen,hu,Hungarian,Hidrogén,hidrogen,wikipedia,0.8077,True,True,hidiroɡen,0.8889
hydrogen,cs,Czech,Vodík,vodik,wikipedia,0.1905,False,True,hidiroɡen,0.4674
carbon,ja,Japanese,炭素,,wikipedia,0.0,False,True,karibon,
carbon,zh,Mandarin,碳,,unclassified,,,False,karibon,
carbon,ko,Korean,탄소,tanso,wikipedia,0.1667,False,True,karibon,0.5764
carbon,hi,Hindi,कार्बन,karban,wikipedia,1.0,True,True,karibon,0.8374
carbon,ar,Arabic,كربون,krbun,wikipedia,1.0,True,False,karibon,
carbon,sw,Swahili,Kaboni,kaboni,wikipedia,0.7083,True,True,karibon,0.6305
carbon,id,Indonesian,Karbon,karbon,wikipedia,1.0,True,True,karibon,0.8571
carbon,tr,Turkish,Karbon,karbon,wikipedia,1.0,True,True,karibon,0.8571
carbon,ru,Russian,Углерод,uglerod,wikipedia,0.3846,False,True,karibon,0.5296
carbon,es,Spanish,Carbono,karbono,wikipedia,0.9231,True,True,karibon,0.7143
carbon,fi,Finnish,Hiili,hiili,wikipedia,0.375,False,True,karibon,0.4951
carbon,vi,Vietnamese,Carbon,kazbon,wikipedia,0.7917,True,True,karibon,0.798
carbon,ta,Tamil,கரிமம்,karimam,wikipedia,0.7308,True,True,karibon,0.9089
carbon,he,Hebrew,פחמן,pxmn,wikipedia,0.25,False,False,karibon,
carbon,is,Icelandic,Kolefni,kolefni,wikipedia,0.7692,True,True,karibon,0.6305
carbon,hu,Hungarian,Szén,sen,wikipedia,0.2917,False,True,karibon,0.3571
carbon,cs,Czech,Uhlík,uhlik,wikipedia,0.375,False,True,karibon,0.4064
energy,ja,Japanese,エネルギー,enerugi,wikipedia,0.7826,True,True,eneriɡia,0.8491
energy,zh,Mandarin,能量,,unclassified,,,False,eneriɡia,
energy,ko,Korean,에너지,enʌtʃi,wikipedia,0.6111,False,True,eneriɡia,0.6185
energy,hi,Hindi,ऊर्जा,urdʒa,wikipedia,0.3333,False,True,eneriɡia,0.4375
energy,ar,Arabic,طاقة,,wikipedia,0.0,False,False,eneriɡia,
energy,sw,Swahili,Nishati,niʃati,wikipedia,0.4286,False,True,eneriɡia,0.6056
energy,id,Indonesian,Energi,energi,wikipedia,0.7619,True,True,eneriɡia,0.75
energy,tr,Turkish,Enerji,enerʒi,wikipedia,0.7619,True,True,eneriɡia,0.7004
energy,ru,Russian,Энергия,energija,wikipedia,0.6429,True,True,eneriɡia,0.75
energy,es,Spanish,Energía,energia,wikipedia,0.7826,True,True,eneriɡia,0.875
energy,fi,Finnish,Energia,energia,wikipedia,0.7826,True,True,eneriɡia,0.875
energy,vi,Vietnamese,Năng lượng,naŋ lɯəŋ,wikipedia,0.5385,False,True,eneriɡia,0.4332
energy,ha,Hausa,Makamashi,makamaʃi,wikipedia,0.3214,False,True,eneriɡia,0.4935
energy,ta,Tamil,ஆற்றல்,arral,wikipedia,0.3684,False,True,eneriɡia,0.4461
energy,he,Hebrew,אנרגיה,anrgih,wikipedia,0.6667,True,False,eneriɡia,
energy,is,Icelandic,Orka,orka,wikipedia,0.3333,False,True,eneriɡia,0.4784
energy,hu,Hungarian,Energia,energia,wikipedia,0.7826,True,True,eneriɡia,0.875
energy,cs,Czech,Energie,energie,wikipedia,0.7826,True,True,eneriɡia,0.8578
plastic,ja,Japanese,プラスチック,purasutʃiku,wikipedia,0.6857,True,True,pilasiti,0.674
plastic,zh,Mandarin,塑料,,unclassified,,,False,pilasiti,
plastic,ko,Korean,플라스틱,pɯlrasɯtik,wikipedia,0.7632,True,True,pilasiti,0.7793
plastic,hi,Hindi,प्लास्टिक,plasʈik,wikipedia,1.0,True,True,pilasiti,0.6164
plastic,ar,Arabic,لدائن,ldaʔn,wikipedia,0.4,False,False,pilasiti,
plastic,sw,Swahili,Plastiki,plastiki,wikipedia,0.9355,True,True,pilasiti,0.7134
plastic,id,Indonesian,Plastik,plastik,wikipedia,1.0,True,True,pilasiti,0.625
plastic,tr,Turkish,Plastik,plastik,wikipedia,1.0,True,True,pilasiti,0.625
plastic,ru,Russian,Пластмасса,plastmassa,wikipedia,0.7059,True,True,pilasiti,0.5414
plastic,es,Spanish,Plástico,plastiko,wikipedia,0.9355,True,True,pilasiti,0.6875
plastic,fi,Finnish,Muovi,muovi,wikipedia,0.1379,False,True,pilasiti,0.5108
plastic,vi,Vietnamese,Chất dẻo,tʃət,wikipedia,0.2759,False,True,pilasiti,0.4461
plastic,ta,Tamil,நெகிழி,nekiɻi,wikipedia,0.069,False,True,pilasiti,0.5409
plastic,he,Hebrew,פלסטיק,plstik,wikipedia,1.0,True,False,pilasiti,
plastic,is,Icelandic,Plast,plast,wikipedia,0.7586,True,True,pilasiti,0.625
plastic,hu,Hungarian,Műanyag,myaɲag,wikipedia,0.3103,False,True,pilasiti,0.5216
plastic,cs,Czech,Plast,plast,wikipedia,0.7586,True,True,pilasiti,0.625
virus,ja,Japanese,ウイルス,uirusu,wikipedia,0.6316,True,True,firu,0.4741
virus,zh,Mandarin,病毒,,unclassified,,,False,firu,
virus,ko,Korean,바이러스,pairʌsɯ,wikipedia,0.9048,True,True,firu,0.5222
virus,hi,Hindi,विषाणु,viʃaɳu,wikipedia,0.4286,False,True,firu,0.5948
virus,ar,Arabic,فيروس,firus,wikipedia,1.0,True,False,firu,
virus,sw,Swahili,Virusi,virusi,wikipedia,0.9048,True,True,firu,0.6609
virus,id,Indonesian,Virus,virus,wikipedia,1.0,True,True,firu,0.7931
virus,tr,Turkish,Virüs,virys,wikipedia,1.0,True,True,firu,0.7793
virus,ru,Russian,Вирусы,virusɨ,wikipedia,0.9048,True,True,firu,0.6609
virus,es,Spanish,Virus,birus,wikipedia,1.0,True,True,firu,0.7586
virus,fi,Finnish,Virukset,virukset,wikipedia,0.7917,True,True,firu,0.4957
virus,vi,Vietnamese,Virus,vizus,wikipedia,0.7368,True,True,firu,0.7103
virus,ta,Tamil,தீநுண்மி,tinuɳmi,wikipedia,0.1667,False,True,firu,0.4803
virus,he,Hebrew,נגיף,,wikipedia,0.0,False,False,firu,
virus,is,Icelandic,Veira,veira,wikipedia,0.6316,True,True,firu,0.7379
virus,hu,Hungarian,Vírus,viruʃ,wikipedia,1.0,True,True,firu,0.7931
virus,cs,Czech,Virus,virus,wikipedia,1.0,True,True,firu,0.7931
bacteria,ja,Japanese,細菌,,wikipedia,0.0,False,True,bakiteria,
bacteria,zh,Mandarin,细菌,,unclassified,,,False,bakiteria,
bacteria,ko,Korean,세균,sekjun,wikipedia,0.3214,False,True,bakiteria,0.5096
bacteria,hi,Hindi,जीवाणु,dʒivaɳu,wikipedia,0.2143,False,True,bakiteria,0.59
bacteria,ar,Arabic,بكتيريا,bktiria,wikipedia,1.0,True,False,bakiteria,
bacteria,sw,Swahili,Vijasumu,vidʒasumu,wikipedia,0.3214,False,True,bakiteria,0.5517
bacteria,id,Indonesian,Bakteri,bakteri,wikipedia,0.9286,True,True,bakiteria,0.7778
bacteria,tr,Turkish,Bakteri,bakteri,wikipedia,0.9286,True,True,bakiteria,0.7778
bacteria,ru,Russian,Бактерии,bakterii,wikipedia,1.0,True,True,bakiteria,0.8659
bacteria,es,Spanish,Bacteria,bakteria,wikipedia,1.0,True,True,bakiteria,0.8889
bacteria,fi,Finnish,Bakteerit,bakteerit,wikipedia,0.7879,True,True,bakiteria,0.636
bacteria,vi,Vietnamese,Vi khuẩn,vi xuən,wikipedia,0.5,False,True,bakiteria,0.5402
bacteria,ha,Hausa,Kwayar cutar Bakteriya,bakterija,wikipedia,0.8485,True,True,bakiteria,0.7778
bacteria,ta,Tamil,பாக்டீரியா,pakʈirija,wikipedia,0.8485,True,True,bakiteria,0.7586
bacteria,he,Hebrew,חיידקים,xiidkim,wikipedia,0.25,False,False,bakiteria,
bacteria,is,Icelandic,Gerlar,gerlar,wikipedia,0.3214,False,True,bakiteria,0.4617
bacteria,hu,Hungarian,Baktériumok,bakteriumok,wikipedia,0.8485,True,True,bakiteria,0.6238
bacteria,cs,Czech,Bakterie,bakterie,wikipedia,1.0,True,True,bakiteria,0.8736
antibiotic,ja,Japanese,抗生物質,,wikipedia,0.0,False,True,antibioti,
antibiotic,zh,Mandarin,抗生素,,unclassified,,,False,antibioti,
antibiotic,ko,Korean,항생제,haŋseŋtʃe,wikipedia,0.3143,False,True,antibioti,0.477
antibiotic,hi,Hindi,प्रतिजैविक,pratidʒɛvik,wikipedia,0.3684,False,True,antibioti,0.5157
antibiotic,ar,Arabic,مضاد حيوي,mdadhiui,wikipedia,0.6,False,False,antibioti,
antibiotic,sw,Swahili,Antibiotiki,antibiotiki,wikipedia,0.9459,True,True,antibioti,0.8182
antibiotic,id,Indonesian,Antibiotik,antibiotik,wikipedia,1.0,True,True,antibioti,0.9
antibiotic,tr,Turkish,Antibiyotik,antibijotik,wikipedia,0.875,True,True,antibioti,0.8182
antibiotic,ru,Russian,Антибиотики,antibiotiki,wikipedia,0.9459,True,True,antibioti,0.8182
antibiotic,es,Spanish,Antibiótico,antibiotiko,wikipedia,0.9459,True,True,antibioti,0.8182
antibiotic,fi,Finnish,Antibiootti,antibiootti,wikipedia,0.7027,True,True,antibioti,0.8182
antibiotic,vi,Vietnamese,Kháng sinh,xaŋ siɲ,wikipedia,0.1143,False,True,antibioti,0.3314
antibiotic,ta,Tamil,நுண்ணுயிர் எதிர்ப்பி,nuɳɳujiretirppi,wikipedia,0.375,False,True,antibioti,0.4713
antibiotic,he,Hebrew,אנטיביוטיקה,antibiutikh,wikipedia,1.0,True,False,antibioti,
antibiotic,is,Icelandic,Sýklalyf,siklalif,wikipedia,0.0857,False,True,antibioti,0.4483
antibiotic,hu,Hungarian,Antibiotikum,antibiotikum,wikipedia,0.9459,True,True,antibioti,0.75
antibiotic,cs,Czech,Antibiotikum,antibiotikum,wikipedia,0.9459,True,True,antibioti,0.75
vitamin,ja,Japanese,ビタミン,bitamin,wikipedia,1.0,True,True,fitamin,0.9704
vitamin,zh,Mandarin,维生素,weitaming,model-recall,,True,False,fitamin,
vitamin,ko,Korean,비타민,pitamin,wikipedia,1.0,True,True,fitamin,0.9754
vitamin,hi,Hindi,विटामिन,viʈamin,wikipedia,1.0,True,True,fitamin,0.9852
vitamin,ar,Arabic,فيتامين,fitamin,wikipedia,1.0,True,False,fitamin,
vitamin,sw,Swahili,Vitamini,vitamini,wikipedia,0.9286,True,True,fitamin,0.8707
vitamin,id,Indonesian,Vitamin,vitamin,wikipedia,1.0,True,True,fitamin,0.9951
vitamin,tr,Turkish,Vitamin,vitamin,wikipedia,1.0,True,True,fitamin,0.9951
vitamin,ru,Russian,Витамины,vitaminɨ,wikipedia,0.9286,True,True,fitamin,0.8707
vitamin,es,Spanish,Vitamina,bitamina,wikipedia,0.9286,True,True,fitamin,0.8491
vitamin,fi,Finnish,Vitamiini,vitamiini,wikipedia,0.9286,True,True,fitamin,0.7739
vitamin,vi,Vietnamese,Vitamin,vitamin,wikipedia,1.0,True,True,fitamin,0.9951
vitamin,ta,Tamil,உயிர்ச்சத்து,ujirssattu,wikipedia,0.129,False,True,fitamin,0.3259
vitamin,he,Hebrew,ויטמין,uitmin,wikipedia,0.75,True,False,fitamin,
vitamin,is,Icelandic,Vítamín,vitamin,wikipedia,1.0,True,True,fitamin,0.9951
vitamin,hu,Hungarian,Vitamin,vitamin,wikipedia,1.0,True,True,fitamin,0.9951
vitamin,cs,Czech,Vitamín,vitamin,wikipedia,1.0,True,True,fitamin,0.9951
protein,ja,Japanese,タンパク質,,wikipedia,0.0,False,True,pirotein,
protein,zh,Mandarin,蛋白质,,unclassified,,,False,pirotein,
protein,ko,Korean,단백질,tanpektʃil,wikipedia,0.1111,False,True,pirotein,0.5879
protein,hi,Hindi,प्रोटीन,proʈin,wikipedia,0.9231,True,True,pirotein,0.7414
protein,ar,Arabic,بروتين,brutin,wikipedia,1.0,True,False,pirotein,
protein,sw,Swahili,Protini,protini,wikipedia,0.8462,True,True,pirotein,0.625
protein,id,Indonesian,Protein,protein,wikipedia,1.0,True,True,pirotein,0.875
protein,tr,Turkish,Protein,protein,wikipedia,1.0,True,True,pirotein,0.875
protein,ru,Russian,Белки,belki,wikipedia,0.3846,False,True,pirotein,0.5539
protein,es,Spanish,Proteína,proteina,wikipedia,0.9286,True,True,pirotein,0.75
protein,fi,Finnish,Proteiini,proteiini,wikipedia,0.9286,True,True,pirotein,0.6667
protein,vi,Vietnamese,Protein,pzotein,wikipedia,0.8077,True,True,pirotein,0.8233
protein,ta,Tamil,புரதம்,puratam,wikipedia,0.8462,True,True,pirotein,0.7953
protein,he,Hebrew,חלבון,xlbun,wikipedia,0.5,False,False,pirotein,
protein,is,Icelandic,Prótín,protin,wikipedia,0.9231,True,True,pirotein,0.75
protein,hu,Hungarian,Fehérje,feherje,wikipedia,0.3077,False,True,pirotein,0.6552
protein,cs,Czech,Bílkovina,bilkovina,wikipedia,0.5484,False,True,pirotein,0.6034
hormone,ja,Japanese,ホルモン,horumon,wikipedia,0.9048,True,True,horimon,0.9704
hormone,zh,Mandarin,激素,,unclassified,,,False,horimon,
hormone,ko,Korean,호르몬,horɯmon,wikipedia,0.9048,True,True,horimon,0.9852
hormone,hi,Hindi,हार्मोन,harmon,wikipedia,1.0,True,True,horimon,0.8374
hormone,ar,Arabic,هرمون,hrmun,wikipedia,1.0,True,False,horimon,
hormone,sw,Swahili,Homoni,homoni,wikipedia,0.6316,True,True,horimon,0.7094
hormone,id,Indonesian,Hormon,hormon,wikipedia,1.0,True,True,horimon,0.8571
hormone,tr,Turkish,Hormon,hormon,wikipedia,1.0,True,True,horimon,0.8571
hormone,ru,Russian,Гормоны,gormonɨ,wikipedia,0.7308,True,True,horimon,0.6404
hormone,es,Spanish,Hormona,ormona,wikipedia,0.9048,True,True,horimon,0.5714
hormone,fi,Finnish,Hormoni,hormoni,wikipedia,0.9048,True,True,horimon,0.7143
hormone,vi,Vietnamese,Nội tiết tố,noi,wikipedia,0.3684,False,True,horimon,0.3621
hormone,ta,Tamil,இயக்குநீர்,ijakkunir,wikipedia,0.3462,False,True,horimon,0.5287
hormone,he,Hebrew,הורמון,hurmun,wikipedia,1.0,True,False,horimon,
hormone,is,Icelandic,Hormón,hormon,wikipedia,1.0,True,True,horimon,0.8571
hormone,hu,Hungarian,Hormon,hormon,wikipedia,1.0,True,True,horimon,0.8571
hormone,cs,Czech,Hormon,hormon,wikipedia,1.0,True,True,horimon,0.8571
malaria,ja,Japanese,マラリア,mararia,wikipedia,1.0,True,True,malaria,0.9754
malaria,zh,Mandarin,疟疾,,unclassified,,,False,malaria,
malaria,ko,Korean,말라리아,malraria,wikipedia,0.8214,True,True,malaria,0.875
malaria,hi,Hindi,मलेरिया,malerija,wikipedia,0.8214,True,True,malaria,0.8578
malaria,ar,Arabic,ملاريا,mlaria,wikipedia,1.0,True,False,malaria,
malaria,sw,Swahili,Malaria,malaria,wikipedia,1.0,True,True,malaria,1.0
malaria,id,Indonesian,Malaria,malaria,wikipedia,1.0,True,True,malaria,1.0
malaria,tr,Turkish,Sıtma,sɯtma,wikipedia,0.1739,False,True,malaria,0.4483
malaria,ru,Russian,Малярия,maljarija,wikipedia,0.697,True,True,malaria,0.7778
malaria,es,Spanish,Malaria,malaria,wikipedia,1.0,True,True,malaria,1.0
malaria,fi,Finnish,Malaria,malaria,wikipedia,1.0,True,True,malaria,1.0
malaria,vi,Vietnamese,Sốt rét,sot,wikipedia,0.087,False,True,malaria,0.2709
malaria,ha,Hausa,Cutar zazzaɓin cizon sauro,sauro,wikipedia,0.4783,False,True,malaria,0.5542
malaria,ta,Tamil,மலேரியா,malerija,wikipedia,0.8214,True,True,malaria,0.8578
malaria,he,Hebrew,מלריה,mlrih,wikipedia,1.0,True,False,malaria,
malaria,is,Icelandic,Malaría,malaria,wikipedia,1.0,True,True,malaria,1.0
malaria,hu,Hungarian,Malária,malaria,wikipedia,1.0,True,True,malaria,1.0
malaria,cs,Czech,Malárie,malarie,wikipedia,1.0,True,True,malaria,0.9803
insulin,ja,Japanese,インスリン,insurin,wikipedia,1.0,True,True,insulin,0.9754
insulin,zh,Mandarin,胰岛素,,unclassified,,,False,insulin,
insulin,ko,Korean,인슐린,insjulrin,wikipedia,0.7222,True,True,insulin,0.7778
insulin,hi,Hindi,इन्सुलिन,insulin,wikipedia,1.0,True,True,insulin,1.0
insulin,ar,Arabic,إنسولين,insulin,wikipedia,1.0,True,False,insulin,
insulin,id,Indonesian,Insulin,insulin,wikipedia,1.0,True,True,insulin,1.0
insulin,tr,Turkish,İnsülin,insylin,wikipedia,1.0,True,True,insulin,0.9901
insulin,ru,Russian,Инсулин,insulin,wikipedia,1.0,True,True,insulin,1.0
insulin,es,Spanish,Insulina,insulina,wikipedia,0.9286,True,True,insulin,0.875
insulin,fi,Finnish,Insuliini,insuliini,wikipedia,0.9286,True,True,insulin,0.7778
insulin,vi,Vietnamese,Insulin,insulin,wikipedia,1.0,True,True,insulin,1.0
insulin,ta,Tamil,இன்சுலின்,insulin,wikipedia,1.0,True,True,insulin,1.0
insulin,he,Hebrew,אינסולין,ainsulin,wikipedia,1.0,True,False,insulin,
insulin,is,Icelandic,Insúlín,insulin,wikipedia,1.0,True,True,insulin,1.0
insulin,hu,Hungarian,Inzulin,inzulin,wikipedia,1.0,True,True,insulin,0.9951
insulin,cs,Czech,Inzulin,inzulin,wikipedia,1.0,True,True,insulin,0.9951
vaccine,ja,Japanese,ワクチン,wakutʃin,wikipedia,0.9231,True,True,fakisin,0.7241
vaccine,zh,Mandarin,疫苗,,unclassified,,,False,fakisin,
vaccine,ko,Korean,백신,peksin,wikipedia,1.0,True,True,fakisin,0.8128
vaccine,hi,Hindi,टीका (वैक्सीन),ʈika,wikipedia,0.375,False,True,fakisin,0.4557
vaccine,ar,Arabic,لقاح,lqah,wikipedia,0.25,False,False,fakisin,
vaccine,sw,Swahili,Chanjo,tʃandʒo,wikipedia,0.375,False,True,fakisin,0.3695
vaccine,id,Indonesian,Vaksin,vaksin,wikipedia,1.0,True,True,fakisin,0.8522
vaccine,tr,Turkish,Aşı,aʃɯ,wikipedia,0.375,False,True,fakisin,0.399
vaccine,ru,Russian,Вакцина,vaktsina,wikipedia,1.0,True,True,fakisin,0.7198
vaccine,es,Spanish,Vacuna,bakuna,wikipedia,0.7083,True,True,fakisin,0.6897
vaccine,fi,Finnish,Rokote,rokote,wikipedia,0.2917,False,True,fakisin,0.6872
vaccine,vi,Vietnamese,Vắc-xin,vak-sin,wikipedia,1.0,True,True,fakisin,0.8522
vaccine,ta,Tamil,தடுப்பு மருந்து,taʈuppumaruntu,wikipedia,0.2692,False,True,fakisin,0.4076
vaccine,he,Hebrew,חיסון,xisun,wikipedia,0.75,True,False,fakisin,
vaccine,is,Icelandic,Bóluefni,boluefni,wikipedia,0.4231,False,True,fakisin,0.4612
vaccine,hu,Hungarian,Védőoltás,vedøoltaʃ,wikipedia,0.2727,False,True,fakisin,0.592
vaccine,cs,Czech,Vakcína,vaktsina,wikipedia,1.0,True,True,fakisin,0.7198
mathematics,ja,Japanese,数学,,wikipedia,0.0,False,True,matematika,
mathematics,zh,Mandarin,数学,,unclassified,,,False,matematika,
mathematics,ko,Korean,수학,suhak,wikipedia,0.2571,False,True,matematika,0.4103
mathematics,hi,Hindi,गणित,gaɳit,wikipedia,0.4,False,True,matematika,0.4121
mathematics,ar,Arabic,رياضيات,riadiat,wikipedia,0.4,False,False,matematika,
mathematics,sw,Swahili,Hisabati,hisabati,wikipedia,0.3714,False,True,matematika,0.669
mathematics,id,Indonesian,Matematika,matematika,wikipedia,1.0,True,True,matematika,1.0
mathematics,tr,Turkish,Matematik,matematik,wikipedia,0.9429,True,True,matematika,0.9
mathematics,ru,Russian,Математика,matematika,wikipedia,1.0,True,True,matematika,1.0
mathematics,es,Spanish,Matemáticas,matematikas,wikipedia,0.875,True,True,matematika,0.9091
mathematics,fi,Finnish,Matematiikka,matematiikka,wikipedia,0.8333,True,True,matematika,0.8333
mathematics,vi,Vietnamese,Toán học,toan hok,wikipedia,0.4857,False,True,matematika,0.519
mathematics,ha,Hausa,Lissafi,lissafi,wikipedia,0.1714,False,True,matematika,0.5155
mathematics,ta,Tamil,கணிதம்,kaɳitam,wikipedia,0.4571,False,True,matematika,0.5293
mathematics,he,Hebrew,מתמטיקה,mtmtikh,wikipedia,1.0,True,False,matematika,
mathematics,is,Icelandic,Stærðfræði,stairðfraiði,wikipedia,0.2667,False,True,matematika,0.4253
mathematics,hu,Hungarian,Matematika,matematika,wikipedia,1.0,True,True,matematika,1.0
mathematics,cs,Czech,Matematika,matematika,wikipedia,1.0,True,True,matematika,1.0
algebra,ja,Japanese,代数学,,wikipedia,0.0,False,True,aliɡebira,
algebra,zh,Mandarin,代数,,unclassified,,,False,aliɡebira,
algebra,ko,Korean,대수학,,wikipedia,0.0,False,True,aliɡebira,
algebra,hi,Hindi,बीजगणित,bidʒagaɳit,wikipedia,0.1818,False,True,aliɡebira,0.4862
algebra,ar,Arabic,الجبر,aldʒbr,wikipedia,0.75,True,False,aliɡebira,
algebra,sw,Swahili,Aljebra,aldʒebra,wikipedia,0.8077,True,True,aliɡebira,0.7146
algebra,id,Indonesian,Aljabar,aldʒabar,wikipedia,0.6538,True,True,aliɡebira,0.6762
algebra,tr,Turkish,Cebir,dʒebir,wikipedia,0.4762,False,True,aliɡebira,0.569
algebra,ru,Russian,Алгебра,algebra,wikipedia,0.8077,True,True,aliɡebira,0.7778
algebra,es,Spanish,Álgebra,algebra,wikipedia,0.8077,True,True,aliɡebira,0.7778
algebra,fi,Finnish,Algebra,algebra,wikipedia,0.8077,True,True,aliɡebira,0.7778
algebra,vi,Vietnamese,Đại số,dai so,wikipedia,0.1905,False,True,aliɡebira,0.4425
algebra,ha,Hausa,Algebra,algebra,wikipedia,0.8077,True,True,aliɡebira,0.7778
algebra,ta,Tamil,இயற்கணிதம்,ijarkaɳitam,wikipedia,0.275,False,True,aliɡebira,0.6129
algebra,he,Hebrew,אלגברה,algbrh,wikipedia,0.75,True,False,aliɡebira,
algebra,is,Icelandic,Algebra,algebra,wikipedia,0.8077,True,True,aliɡebira,0.7778
algebra,hu,Hungarian,Algebra,algebra,wikipedia,0.8077,True,True,aliɡebira,0.7778
algebra,cs,Czech,Algebra,algebra,wikipedia,0.8077,True,True,aliɡebira,0.7778
geometry,ja,Japanese,幾何学,,wikipedia,0.0,False,True,ɡeometiria,
geometry,zh,Mandarin,几何学,,unclassified,,,False,ɡeometiria,
geometry,ko,Korean,기하학,kihahak,wikipedia,0.04,False,True,ɡeometiria,0.469
geometry,hi,Hindi,ज्यामिति,dʒjamiti,wikipedia,0.3462,False,True,ɡeometiria,0.5103
geometry,ar,Arabic,هندسة رياضية,hndsa,wikipedia,0.6667,True,False,ɡeometiria,
geometry,sw,Swahili,Jiometri,dʒiometri,wikipedia,0.75,True,True,ɡeometiria,0.6638
geometry,id,Indonesian,Geometri,geometri,wikipedia,0.75,True,True,ɡeometiria,0.8
geometry,tr,Turkish,Geometri,geometri,wikipedia,0.75,True,True,ɡeometiria,0.8
geometry,ru,Russian,Геометрия,geometrija,wikipedia,0.7143,True,True,ɡeometiria,0.8086
geometry,es,Spanish,Geometría,geometria,wikipedia,0.8333,True,True,ɡeometiria,0.9
geometry,fi,Finnish,Geometria,geometria,wikipedia,0.8333,True,True,ɡeometiria,0.9
geometry,vi,Vietnamese,Hình học,hiɲ hok,wikipedia,0.36,False,True,ɡeometiria,0.3586
geometry,ta,Tamil,வடிவவியல்,vaʈivavijal,wikipedia,0.2286,False,True,ɡeometiria,0.5956
geometry,he,Hebrew,גאומטריה,gaumtrih,wikipedia,0.75,True,False,ɡeometiria,
geometry,is,Icelandic,Rúmfræði,rumfraiði,wikipedia,0.4242,False,True,ɡeometiria,0.431
geometry,hu,Hungarian,Geometria,geometria,wikipedia,0.8333,True,True,ɡeometiria,0.9
geometry,cs,Czech,Geometrie,geometrie,wikipedia,0.8333,True,True,ɡeometiria,0.8862
meter,ja,Japanese,メートル,metoru,wikipedia,0.9048,True,True,mete,0.6437
meter,zh,Mandarin,米 (单位),mi,model-recall,,True,False,mete,
meter,ko,Korean,미터,mitʌ,wikipedia,0.7368,True,True,mete,0.9655
meter,hi,Hindi,मीटर,miʈar,wikipedia,1.0,True,True,mete,0.7448
meter,ar,Arabic,متر,mtr,wikipedia,1.0,True,False,mete,
meter,sw,Swahili,Mita,mita,wikipedia,0.7368,True,True,mete,0.9483
meter,id,Indonesian,Meter,meter,wikipedia,1.0,True,True,mete,0.8
meter,tr,Turkish,Metre,metre,wikipedia,0.7895,True,True,mete,0.8
meter,ru,Russian,Метр,metr,wikipedia,0.8947,True,True,mete,0.8017
meter,es,Spanish,Metro,metro,wikipedia,0.7895,True,True,mete,0.7724
meter,fi,Finnish,Metri,metri,wikipedia,0.7895,True,True,mete,0.7862
meter,vi,Vietnamese,Mét,met,wikipedia,0.6316,True,True,mete,0.75
meter,ha,Hausa,Mita,mita,wikipedia,0.7368,True,True,mete,0.9483
meter,ta,Tamil,மீட்டர்,miʈʈar,wikipedia,0.7917,True,True,mete,0.6207
meter,he,Hebrew,מטר,mtr,wikipedia,1.0,True,False,mete,
meter,is,Icelandic,Metri,metri,wikipedia,0.7895,True,True,mete,0.7862
meter,hu,Hungarian,Méter,meter,wikipedia,1.0,True,True,mete,0.8
meter,cs,Czech,Metr,metr,wikipedia,0.8947,True,True,mete,0.8017
kilogram,ja,Japanese,キログラム,kiroguramu,wikipedia,0.7879,True,True,kiloɡiram,0.8621
kilogram,zh,Mandarin,千克,,unclassified,,,False,kiloɡiram,
kilogram,ko,Korean,킬로그램,kilrokɯrem,wikipedia,0.6842,True,True,kiloɡiram,0.8724
kilogram,hi,Hindi,किलोग्राम,kilogram,wikipedia,0.8387,True,True,kiloɡiram,0.8889
kilogram,ar,Arabic,كيلوغرام,kiluɣram,wikipedia,0.8,True,False,kiloɡiram,
kilogram,sw,Swahili,Kilogramu,kilogramu,wikipedia,0.7879,True,True,kiloɡiram,0.7778
kilogram,id,Indonesian,Kilogram,kilogram,wikipedia,0.8387,True,True,kiloɡiram,0.8889
kilogram,tr,Turkish,Kilogram,kilogram,wikipedia,0.8387,True,True,kiloɡiram,0.8889
kilogram,ru,Russian,Килограмм,kilogramm,wikipedia,0.7222,True,True,kiloɡiram,0.7778
kilogram,es,Spanish,Kilogramo,kilogramo,wikipedia,0.7879,True,True,kiloɡiram,0.7778
kilogram,fi,Finnish,Kilogramma,kilogramma,wikipedia,0.7222,True,True,kiloɡiram,0.7
kilogram,vi,Vietnamese,Kilôgam,kilogam,wikipedia,0.8077,True,True,kiloɡiram,0.7778
kilogram,ha,Hausa,Kilogram,kilogram,wikipedia,0.8387,True,True,kiloɡiram,0.8889
kilogram,ta,Tamil,கிலோகிராம்,kilokiram,wikipedia,0.7879,True,True,kiloɡiram,0.9962
kilogram,he,Hebrew,קילוגרם,kilugrm,wikipedia,0.8,True,False,kiloɡiram,
kilogram,is,Icelandic,Kílógramm,kilogramm,wikipedia,0.7222,True,True,kiloɡiram,0.7778
kilogram,hu,Hungarian,Kilogramm,kilogramm,wikipedia,0.7222,True,True,kiloɡiram,0.7778
kilogram,cs,Czech,Kilogram,kilogram,wikipedia,0.8387,True,True,kiloɡiram,0.8889
telephone,ja,Japanese,電話機,,wikipedia,0.0,False,True,telefon,
telephone,zh,Mandarin,电话,,unclassified,,,False,telefon,
telephone,ko,Korean,전화,tʃʌnhwa,wikipedia,0.3462,False,True,telefon,0.4163
telephone,hi,Hindi,दूरभाष,durabaʃ,wikipedia,0.8077,True,True,telefon,0.7685
telephone,ar,Arabic,هاتف,hatf,wikipedia,0.5,False,False,telefon,
telephone,sw,Swahili,Simu,simu,wikipedia,0.1923,False,True,telefon,0.4557
telephone,id,Indonesian,Telepon,telepon,wikipedia,1.0,True,True,telefon,0.9754
telephone,tr,Turkish,Telefon,telefon,wikipedia,1.0,True,True,telefon,1.0
telephone,ru,Russian,Телефон,telefon,wikipedia,1.0,True,True,telefon,1.0
telephone,es,Spanish,Teléfono,telefono,wikipedia,0.9286,True,True,telefon,0.875
telephone,fi,Finnish,Puhelin,puhelin,wikipedia,0.4615,False,True,telefon,0.7808
telephone,vi,Vietnamese,Điện thoại,dien,wikipedia,0.5385,False,True,telefon,0.5567
telephone,ta,Tamil,தொலைபேசி,tolaipesi,wikipedia,0.75,True,True,telefon,0.659
telephone,he,Hebrew,טלפון,tlpun,wikipedia,1.0,True,False,telefon,
telephone,is,Icelandic,Sími,simi,wikipedia,0.1923,False,True,telefon,0.4655
telephone,hu,Hungarian,Telefonkészülék,telefonkesylek,wikipedia,0.8387,True,True,telefon,0.5
telephone,cs,Czech,Telefon,telefon,wikipedia,1.0,True,True,telefon,1.0
computer,ja,Japanese,コンピュータ,konpjuta,wikipedia,0.6774,True,True,kompute,0.8384
computer,zh,Mandarin,电子计算机,,unclassified,,,False,kompute,
computer,ko,Korean,컴퓨터,kʌmpjutʌ,wikipedia,0.6774,True,True,kompute,0.8578
computer,hi,Hindi,संगणक,sangaɳak,wikipedia,0.3548,False,True,kompute,0.6315
computer,ar,Arabic,حاسوب,hasub,wikipedia,0.2,False,False,kompute,
computer,sw,Swahili,Tarakilishi,tarakiliʃi,wikipedia,0.1818,False,True,kompute,0.5276
computer,id,Indonesian,Komputer,komputer,wikipedia,1.0,True,True,kompute,0.875
computer,tr,Turkish,Bilgisayar,bilgisajar,wikipedia,0.2895,False,True,kompute,0.5224
computer,ru,Russian,Компьютер,kompjuter,wikipedia,0.8611,True,True,kompute,0.7778
computer,es,Spanish,Computadora,komputadora,wikipedia,0.7879,True,True,kompute,0.6238
computer,fi,Finnish,Tietokone,tietokone,wikipedia,0.129,False,True,kompute,0.5824
computer,vi,Vietnamese,Máy tính,mai tiɲ,wikipedia,0.4516,False,True,kompute,0.4704
computer,ha,Hausa,Komfuta,komfuta,wikipedia,0.8387,True,True,kompute,0.9557
computer,ta,Tamil,கணினி,kaɳini,wikipedia,0.5161,False,True,kompute,0.7143
computer,he,Hebrew,מחשב,mxʃb,wikipedia,0.2,False,False,kompute,
computer,is,Icelandic,Tölva,tølva,wikipedia,0.2903,False,True,kompute,0.5517
computer,hu,Hungarian,Számítógép,samitogep,wikipedia,0.3333,False,True,kompute,0.6418
computer,cs,Czech,Počítač,potʃitatʃ,wikipedia,0.3548,False,True,kompute,0.6054
radio,ja,Japanese,ラジオ,radʒio,wikipedia,0.6875,True,True,radio,0.8333
radio,zh,Mandarin,无线电,,unclassified,,,False,radio,
radio,ko,Korean,라디오,ratio,wikipedia,1.0,True,True,radio,0.9931
radio,hi,Hindi,रेडियो,reɖijo,wikipedia,0.7619,True,True,radio,0.7989
radio,ar,Arabic,اتصال راديوي,radiui,wikipedia,1.0,True,False,radio,
radio,sw,Swahili,Redio,redio,wikipedia,1.0,True,True,radio,0.9724
radio,id,Indonesian,Radio,radio,wikipedia,1.0,True,True,radio,1.0
radio,tr,Turkish,Radyo,radjo,wikipedia,0.7368,True,True,radio,0.9345
radio,ru,Russian,Радио,radio,wikipedia,1.0,True,True,radio,1.0
radio,es,Spanish,Radiocomunicación,radiokomunikasion,wikipedia,0.7619,True,True,radio,0.2941
radio,fi,Finnish,Radio,radio,wikipedia,1.0,True,True,radio,1.0
radio,vi,Vietnamese,Truyền thanh radio,zazio,wikipedia,0.375,False,True,radio,0.8828
radio,ha,Hausa,Rediyo,redijo,wikipedia,0.7619,True,True,radio,0.8103
radio,ta,Tamil,வானொலி,vanoli,wikipedia,0.2857,False,True,radio,0.6121
radio,he,Hebrew,רדיו,rdiu,wikipedia,1.0,True,False,radio,
radio,is,Icelandic,Útvarp,utvarp,wikipedia,0.1667,False,True,radio,0.2586
radio,hu,Hungarian,Rádiózás,radiozaʃ,wikipedia,0.7619,True,True,radio,0.625
radio,cs,Czech,Radiokomunikace,radiokomunikatse,wikipedia,0.7619,True,True,radio,0.3125
internet,ja,Japanese,インターネット,intaneto,wikipedia,0.7742,True,True,interine,0.8707
internet,zh,Mandarin,互联网,,unclassified,,,False,interine,
internet,ko,Korean,인터넷,intʌnet,wikipedia,0.8387,True,True,interine,0.7716
internet,hi,Hindi,अंतरजाल,antaradʒal,wikipedia,0.6364,True,True,interine,0.6966
internet,ar,Arabic,إنترنت,intrnt,wikipedia,1.0,True,False,interine,
internet,sw,Swahili,Intaneti,intaneti,wikipedia,0.7742,True,True,interine,0.8793
internet,id,Indonesian,Internet,internet,wikipedia,1.0,True,True,interine,0.75
internet,tr,Turkish,İnternet,internet,wikipedia,1.0,True,True,interine,0.75
internet,ru,Russian,Интернет,internet,wikipedia,1.0,True,True,interine,0.75
internet,es,Spanish,Internet,internet,wikipedia,1.0,True,True,interine,0.75
internet,fi,Finnish,Internet,internet,wikipedia,1.0,True,True,interine,0.75
internet,vi,Vietnamese,Internet,inteznet,wikipedia,0.8387,True,True,interine,0.6983
internet,ha,Hausa,Yanar gizo,janar gizo,wikipedia,0.3548,False,True,interine,0.6073
internet,ta,Tamil,இணையம்,iɳaijam,wikipedia,0.3871,False,True,interine,0.5841
internet,he,Hebrew,אינטרנט,aintrnt,wikipedia,1.0,True,False,interine,
internet,is,Icelandic,Internetið,internetið,wikipedia,0.9394,True,True,interine,0.7483
internet,hu,Hungarian,Internet,internet,wikipedia,1.0,True,True,interine,0.75
internet,cs,Czech,Internet,internet,wikipedia,1.0,True,True,interine,0.75
television,ja,Japanese,テレビ,terebi,wikipedia,0.6,False,True,telefision,0.5621
television,zh,Mandarin,电视,,unclassified,,,False,telefision,
television,ko,Korean,텔레비전,telrepitʃʌn,wikipedia,0.8158,True,True,telefision,0.7712
television,hi,Hindi,दूरदर्शन,duradarʃan,wikipedia,0.6842,True,True,telefision,0.7121
television,ar,Arabic,تلفزة,tlfza,wikipedia,0.8,True,False,telefision,
television,sw,Swahili,Televisheni,televiʃeni,wikipedia,0.8857,True,True,telefision,0.7793
television,id,Indonesian,Televisi,televisi,wikipedia,0.8,True,True,telefision,0.7966
television,tr,Turkish,Televizyon,televizjon,wikipedia,0.8684,True,True,telefision,0.9603
television,ru,Russian,Телевидение,televidenie,wikipedia,0.7027,True,True,telefision,0.7806
television,es,Spanish,Televisión,telebision,wikipedia,1.0,True,True,telefision,0.9793
television,fi,Finnish,Televisio,televisio,wikipedia,0.8571,True,True,telefision,0.8966
television,vi,Vietnamese,Truyền hình,ʈuien hiɲ,wikipedia,0.5143,False,True,telefision,0.5759
television,ha,Hausa,Talabijin,talabidʒin,wikipedia,0.9429,True,True,telefision,0.8034
television,ta,Tamil,தொலைக்காட்சி,tolaikkaʈsi,wikipedia,0.4,False,True,telefision,0.5078
television,he,Hebrew,טלוויזיה,tluuizih,wikipedia,0.6,False,False,telefision,
television,is,Icelandic,Sjónvarp,sjonvarp,wikipedia,0.1143,False,True,telefision,0.4724
television,cs,Czech,Televize,televize,wikipedia,0.8,True,True,telefision,0.7862
video,ja,Japanese,ビデオ,bideo,wikipedia,1.0,True,True,fideo,0.9586
video,zh,Mandarin,视频,,unclassified,,,False,fideo,
video,ko,Korean,비디오,pitio,wikipedia,1.0,True,True,fideo,0.9448
video,hi,Hindi,वीडियो,viɖijo,wikipedia,0.7619,True,True,fideo,0.8046
video,ar,Arabic,فيديو,fidiu,wikipedia,1.0,True,False,fideo,
video,sw,Swahili,Video,video,wikipedia,1.0,True,True,fideo,0.9931
video,id,Indonesian,Video,video,wikipedia,1.0,True,True,fideo,0.9931
video,tr,Turkish,Video,video,wikipedia,1.0,True,True,fideo,0.9931
video,ru,Russian,Видео,video,wikipedia,1.0,True,True,fideo,0.9931
video,es,Spanish,Video,bideo,wikipedia,1.0,True,True,fideo,0.9586
video,fi,Finnish,Video,video,wikipedia,1.0,True,True,fideo,0.9931
video,vi,Vietnamese,Video,vizeo,wikipedia,0.6875,True,True,fideo,0.9586
video,ha,Hausa,Bidiyo,bidijo,wikipedia,0.7619,True,True,fideo,0.7874
video,ta,Tamil,நிகழ்படம்,nikaɻpaʈam,wikipedia,0.3684,False,True,fideo,0.3879
video,he,Hebrew,וידאו,uidau,wikipedia,0.5,False,False,fideo,
video,is,Icelandic,Myndband,mindband,wikipedia,0.375,False,True,fideo,0.4095
video,hu,Hungarian,Videó (fogalom),video,wikipedia,1.0,True,True,fideo,0.9931
video,cs,Czech,Video,video,wikipedia,1.0,True,True,fideo,0.9931
machine,ja,Japanese,機械,,wikipedia,0.0,False,True,makina,
machine,zh,Mandarin,机器,,unclassified,,,False,makina,
machine,ko,Korean,기계,kikje,wikipedia,0.1905,False,True,makina,0.6121
machine,hi,Hindi,यंत्र,,wikipedia,0.0,False,True,makina,
machine,ar,Arabic,آلة,,wikipedia,0.0,False,False,makina,
machine,sw,Swahili,Mashine,maʃine,wikipedia,1.0,True,True,makina,0.9109
machine,id,Indonesian,Mesin,mesin,wikipedia,0.9048,True,True,makina,0.7328
machine,tr,Turkish,Makine,makine,wikipedia,0.7619,True,True,makina,0.977
machine,ru,Russian,Машина,maʃina,wikipedia,1.0,True,True,makina,0.9339
machine,es,Spanish,Máquina (tecnología),makina,wikipedia,0.7619,True,True,makina,1.0
machine,fi,Finnish,Kone,kone,wikipedia,0.4286,False,True,makina,0.6092
machine,vi,Vietnamese,Máy móc,mai mok,wikipedia,0.5238,False,True,makina,0.6178
machine,ta,Tamil,இயந்திரம்,ijantiram,wikipedia,0.3636,False,True,makina,0.523
machine,he,Hebrew,מכונה,mkunh,wikipedia,0.6667,True,False,makina,
machine,is,Icelandic,Vél,vel,wikipedia,0.0952,False,True,makina,0.3621
machine,hu,Hungarian,Gép,gep,wikipedia,0.0952,False,True,makina,0.3937
machine,cs,Czech,Stroj,,wikipedia,0.0,False,True,makina,
film,ja,Japanese,映画,,wikipedia,0.0,False,True,filim,
film,zh,Mandarin,电影,,unclassified,,,False,filim,
film,ko,Korean,영화,jʌŋhwa,wikipedia,0.1176,False,True,filim,0.3592
film,hi,Hindi,चलचित्र,tʃalatʃitr,wikipedia,0.4118,False,True,filim,0.4103
film,ar,Arabic,فلم,flm,wikipedia,1.0,True,False,filim,
film,sw,Swahili,Filamu,filamu,wikipedia,0.8947,True,True,filim,0.7989
film,id,Indonesian,Film,film,wikipedia,1.0,True,True,filim,0.8
film,tr,Turkish,Film,film,wikipedia,1.0,True,True,filim,0.8
film,ru,Russian,Фильм,film,wikipedia,1.0,True,True,filim,0.8
film,es,Spanish,Película,pelikula,wikipedia,0.6316,True,True,filim,0.5409
film,fi,Finnish,Elokuva,elokuva,wikipedia,0.1765,False,True,filim,0.3842
film,vi,Vietnamese,Điện ảnh,dien aɲ,wikipedia,0.4118,False,True,filim,0.658
film,ha,Hausa,Fim,fim,wikipedia,0.7059,True,True,filim,0.6
film,ta,Tamil,திரைப்படம்,tiraippaʈam,wikipedia,0.3,False,True,filim,0.4091
film,he,Hebrew,סרט קולנוע,kulnu,wikipedia,0.6667,True,False,filim,
film,is,Icelandic,Kvikmynd,kvikmind,wikipedia,0.5455,False,True,filim,0.5474
film,hu,Hungarian,Film,film,wikipedia,1.0,True,True,filim,0.8
film,cs,Czech,Film,film,wikipedia,1.0,True,True,filim,0.8
robot,ja,Japanese,ロボット,roboto,wikipedia,0.9048,True,True,robo,0.6667
robot,zh,Mandarin,机器人,,unclassified,,,False,robo,
robot,ko,Korean,로봇,ropot,wikipedia,1.0,True,True,robo,0.7931
robot,hi,Hindi,रोबोट,roboʈ,wikipedia,1.0,True,True,robo,0.8
robot,ar,Arabic,روبوت,rubut,wikipedia,1.0,True,False,robo,
robot,sw,Swahili,Roboti,roboti,wikipedia,0.9048,True,True,robo,0.6667
robot,id,Indonesian,Robot,robot,wikipedia,1.0,True,True,robo,0.8
robot,tr,Turkish,Robot,robot,wikipedia,1.0,True,True,robo,0.8
robot,ru,Russian,Робот,robot,wikipedia,1.0,True,True,robo,0.8
robot,es,Spanish,Robot,robot,wikipedia,1.0,True,True,robo,0.8
robot,fi,Finnish,Robotti,robotti,wikipedia,0.7917,True,True,robo,0.5714
robot,vi,Vietnamese,Robot,zobot,wikipedia,0.7368,True,True,robo,0.7172
robot,ha,Hausa,Saƙago,sakago,wikipedia,0.1905,False,True,robo,0.523
robot,ta,Tamil,தானியங்கி,tanijaŋki,wikipedia,0.1905,False,True,robo,0.3372
robot,he,Hebrew,רובוט,rubut,wikipedia,1.0,True,False,robo,
robot,is,Icelandic,Þjarkur (tækni),θjarkur,wikipedia,0.1724,False,True,robo,0.4236
robot,hu,Hungarian,Robot (automatizálás),robot,wikipedia,1.0,True,True,robo,0.8
robot,cs,Czech,Robot,robot,wikipedia,1.0,True,True,robo,0.8
democracy,ja,Japanese,民主主義,,wikipedia,0.0,False,True,demokiratia,
democracy,zh,Mandarin,民主,,unclassified,,,False,demokiratia,
democracy,ko,Korean,민주주의,mintʃutʃuɯi,wikipedia,0.3143,False,True,demokiratia,0.4781
democracy,hi,Hindi,लोकतंत्र,lokatantr,wikipedia,0.1389,False,True,demokiratia,0.5439
democracy,ar,Arabic,ديمقراطية,dimqratia,wikipedia,1.0,True,False,demokiratia,
democracy,sw,Swahili,Demokrasia,demokrasia,wikipedia,0.8571,True,True,demokiratia,0.8934
democracy,id,Indonesian,Demokrasi,demokrasi,wikipedia,0.8,True,True,demokiratia,0.8025
democracy,tr,Turkish,Demokrasi,demokrasi,wikipedia,0.8,True,True,demokiratia,0.8025
democracy,ru,Russian,Демократия,demokratija,wikipedia,0.875,True,True,demokiratia,0.8182
democracy,es,Spanish,Democracia,demokrasia,wikipedia,0.8571,True,True,demokiratia,0.8934
democracy,fi,Finnish,Demokratia,demokratia,wikipedia,1.0,True,True,demokiratia,0.9091
democracy,vi,Vietnamese,Dân chủ,zən tʃu,wikipedia,0.2571,False,True,demokiratia,0.4357
democracy,ha,Hausa,Dimokaraɗiyya,dimokaradijja,wikipedia,0.825,True,True,demokiratia,0.8223
democracy,ta,Tamil,மக்களாட்சி,makkaɭaʈsi,wikipedia,0.5,False,True,demokiratia,0.6348
democracy,he,Hebrew,דמוקרטיה,dmukrtih,wikipedia,1.0,True,False,demokiratia,
democracy,is,Icelandic,Lýðræði,liðraiði,wikipedia,0.4,False,True,demokiratia,0.4922
democracy,hu,Hungarian,Demokrácia (politikai rendszer),demokratsia,wikipedia,0.8571,True,True,demokiratia,0.8182
democracy,cs,Czech,Demokracie,demokratsie,wikipedia,0.8571,True,True,demokiratia,0.8056
police,ja,Japanese,警察,,wikipedia,0.0,False,True,polisia,
police,zh,Mandarin,警隊,,unclassified,,,False,polisia,
police,ko,Korean,경찰,kjʌŋtʃal,wikipedia,0.2414,False,True,polisia,0.4591
police,hi,Hindi,पुलिस,pulis,wikipedia,0.8261,True,True,polisia,0.6946
police,ar,Arabic,شرطة,ʃrta,wikipedia,0.3333,False,False,polisia,
police,sw,Swahili,Polisi,polisi,wikipedia,0.913,True,True,polisia,0.8571
police,id,Indonesian,Polisi,polisi,wikipedia,0.913,True,True,polisia,0.8571
police,tr,Turkish,Polis,polis,wikipedia,0.8261,True,True,polisia,0.7143
police,ru,Russian,Полиция,politsija,wikipedia,0.8214,True,True,polisia,0.7778
police,es,Spanish,Policía,polisia,wikipedia,1.0,True,True,polisia,1.0
police,fi,Finnish,Poliisi,poliisi,wikipedia,0.8261,True,True,polisia,0.7143
police,vi,Vietnamese,Cảnh sát,kaɲ sat,wikipedia,0.2917,False,True,polisia,0.5148
police,ha,Hausa,Ɗan sanda,dan sanda,wikipedia,0.2903,False,True,polisia,0.5582
police,ta,Tamil,காவல்துறை,kavalturai,wikipedia,0.5143,False,True,polisia,0.5586
police,he,Hebrew,משטרה,,wikipedia,0.0,False,False,polisia,
police,is,Icelandic,Lögregla,løgregla,wikipedia,0.3548,False,True,polisia,0.5862
police,hu,Hungarian,Rendőrség,rendørʃeg,wikipedia,0.3333,False,True,polisia,0.4904
police,cs,Czech,Policie,politsie,wikipedia,1.0,True,True,polisia,0.8578
university,ja,Japanese,大学,,wikipedia,0.0,False,True,uniferisita,
university,zh,Mandarin,大學,,unclassified,,,False,uniferisita,
university,ko,Korean,대학,tehak,wikipedia,0.125,False,True,uniferisita,0.3464
university,hi,Hindi,विश्वविद्यालय,viʃvavidjalaj,wikipedia,0.3,False,True,uniferisita,0.5119
university,ar,Arabic,جامعة,dʒamʕa,wikipedia,0.1667,False,False,uniferisita,
university,sw,Swahili,Chuo Kikuu,tʃuo,wikipedia,0.225,False,True,uniferisita,0.2931
university,id,Indonesian,Universitas,universitas,wikipedia,0.875,True,True,uniferisita,0.815
university,tr,Turkish,Üniversite,yniversite,wikipedia,0.875,True,True,uniferisita,0.8871
university,ru,Russian,Университет,universitet,wikipedia,1.0,True,True,uniferisita,0.8025
university,es,Spanish,Universidad,unibersidad,wikipedia,1.0,True,True,uniferisita,0.7962
university,fi,Finnish,Yliopisto,yliopisto,wikipedia,0.525,False,True,uniferisita,0.6975
university,vi,Vietnamese,Viện đại học,vien dai hok,wikipedia,0.25,False,True,uniferisita,0.3997
university,ha,Hausa,Jami'a,dʒami'a,wikipedia,0.225,False,True,uniferisita,0.4357
university,ta,Tamil,பல்கலைக்கழகம்,palkalaikkaɻakam,wikipedia,0.1864,False,True,uniferisita,0.4644
university,he,Hebrew,אוניברסיטה,aunibrsith,wikipedia,0.8333,True,False,uniferisita,
university,is,Icelandic,Háskóli,haskoli,wikipedia,0.275,False,True,uniferisita,0.4342
university,hu,Hungarian,Egyetem,eɟetem,wikipedia,0.275,False,True,uniferisita,0.431
university,cs,Czech,Univerzita,univerzita,wikipedia,0.875,True,True,uniferisita,0.9028
president,ja,Japanese,プレジデント,puredʒidento,wikipedia,0.9,True,True,piresiden,0.7213
president,zh,Mandarin,President,,unclassified,,,False,piresiden,
president,ko,Korean,프레지던트,pɯretʃitʌntɯ,wikipedia,0.9,True,True,piresiden,0.7241
president,ar,Arabic,رئيس (توضيح),rʔis,wikipedia,0.1667,False,False,piresiden,
president,ru,Russian,Президент (значения),prezident,wikipedia,1.0,True,True,piresiden,0.7739
president,es,Spanish,Presidente (desambiguación),presidente,wikipedia,0.9474,True,True,piresiden,0.7
president,fi,Finnish,Presidentti (täsmennyssivu),presidentti,wikipedia,0.878,True,True,piresiden,0.6364
president,he,Hebrew,נשיא (פירושונים),nʃia,wikipedia,0.1667,False,False,piresiden,
president,hu,Hungarian,Elnök (egyértelműsítő lap),elnøk,wikipedia,0.2222,False,True,piresiden,0.4157
president,cs,Czech,Prezident (rozcestník),prezident,wikipedia,1.0,True,True,piresiden,0.7739
hospital,ja,Japanese,病院,,wikipedia,0.0,False,True,hosipita,
hospital,zh,Mandarin,醫院,,unclassified,,,False,hosipita,
hospital,ko,Korean,병원,pjʌŋwʌn,wikipedia,0.069,False,True,hosipita,0.3233
hospital,hi,Hindi,चिकित्सालय,tʃikitsalaj,wikipedia,0.4615,False,True,hosipita,0.5439
hospital,ar,Arabic,مستشفى,,wikipedia,0.0,False,False,hosipita,
hospital,sw,Swahili,Hospitali,hospitali,wikipedia,0.9286,True,True,hosipita,0.7682
hospital,id,Indonesian,Rumah sakit,sakit,wikipedia,0.3846,False,True,hosipita,0.5647
hospital,tr,Turkish,Hastane,hastane,wikipedia,0.4615,False,True,hosipita,0.7478
hospital,ru,Russian,Больница,bolnitsa,wikipedia,0.0769,False,True,hosipita,0.5754
hospital,es,Spanish,Hospital,ospital,wikipedia,1.0,True,True,hosipita,0.625
hospital,fi,Finnish,Sairaala,sairaala,wikipedia,0.3846,False,True,hosipita,0.4935
hospital,vi,Vietnamese,Bệnh viện,vien,wikipedia,0.3462,False,True,hosipita,0.4203
hospital,ha,Hausa,Asibiti,asibiti,wikipedia,0.7308,True,True,hosipita,0.8276
hospital,ta,Tamil,மருத்துவமனை,maruttuvamanai,wikipedia,0.2245,False,True,hosipita,0.452
hospital,he,Hebrew,בית חולים,bit,wikipedia,0.5,False,False,hosipita,
hospital,is,Icelandic,Sjúkrahús,sjukrahus,wikipedia,0.2581,False,True,hosipita,0.4176
hospital,hu,Hungarian,Kórház,korhaz,wikipedia,0.1538,False,True,hosipita,0.5043
hospital,cs,Czech,Nemocnice,nemotsnitse,wikipedia,0.2258,False,True,hosipita,0.5627
bank,ja,Japanese,銀行,,wikipedia,0.0,False,True,ban,
bank,zh,Mandarin,銀行,,model-recall,,False,False,ban,
bank,ko,Korean,은행,ɯnheŋ,wikipedia,0.2941,False,True,ban,0.4138
bank,hi,Hindi,बैंक,bɛnk,wikipedia,1.0,True,True,ban,0.7069
bank,ar,Arabic,مصرف,,wikipedia,0.0,False,False,ban,
bank,sw,Swahili,Benki,benki,wikipedia,0.8947,True,True,ban,0.5724
bank,id,Indonesian,Bank,bank,wikipedia,1.0,True,True,ban,0.75
bank,tr,Turkish,Banka,banka,wikipedia,0.8947,True,True,ban,0.6
bank,ru,Russian,Банк,bank,wikipedia,1.0,True,True,ban,0.75
bank,es,Spanish,Banco,banko,wikipedia,0.8947,True,True,ban,0.6
bank,fi,Finnish,Pankki,pankki,wikipedia,0.7727,True,True,ban,0.4943
bank,vi,Vietnamese,Ngân hàng,ŋən haŋ,wikipedia,0.4118,False,True,ban,0.3793
bank,ha,Hausa,Banki,banki,wikipedia,0.8947,True,True,ban,0.6
bank,ta,Tamil,வங்கி,vaŋki,wikipedia,0.8947,True,True,ban,0.5069
bank,he,Hebrew,בנק,bnk,wikipedia,1.0,True,False,ban,
bank,is,Icelandic,Banki,banki,wikipedia,0.8947,True,True,ban,0.6
bank,hu,Hungarian,Bank,bank,wikipedia,1.0,True,True,ban,0.75
bank,cs,Czech,Banka,banka,wikipedia,0.8947,True,True,ban,0.6
system,ja,Japanese,システム,ʃisutemu,wikipedia,0.9231,True,True,sisitem,0.8362
system,zh,Mandarin,系統,,unclassified,,,False,sisitem,
system,ko,Korean,시스템,sisɯtem,wikipedia,0.9231,True,True,sisitem,0.9852
system,hi,Hindi,तंत्र (सिस्टम),tantr,wikipedia,0.2917,False,True,sisitem,0.5148
system,ar,Arabic,نظام (علوم),nðam,wikipedia,0.5,False,False,sisitem,
system,id,Indonesian,Sistem,sistem,wikipedia,1.0,True,True,sisitem,0.8571
system,tr,Turkish,Sistem,sistem,wikipedia,1.0,True,True,sisitem,0.8571
system,ru,Russian,Система,sistema,wikipedia,0.9231,True,True,sisitem,0.7143
system,es,Spanish,Sistema,sistema,wikipedia,0.9231,True,True,sisitem,0.7143
system,fi,Finnish,Järjestelmä (systeemiteoria),jærjestelmæ,wikipedia,0.4419,False,True,sisitem,0.5
system,vi,Vietnamese,Hệ thống,he toŋ,wikipedia,0.5833,False,True,sisitem,0.569
system,ta,Tamil,ஒருங்கியம்,oruŋkijam,wikipedia,0.2727,False,True,sisitem,0.5326
system,he,Hebrew,מערכת,,wikipedia,0.0,False,False,sisitem,
system,is,Icelandic,Kerfi,kerfi,wikipedia,0.1667,False,True,sisitem,0.5172
system,hu,Hungarian,Rendszer,rendser,wikipedia,0.3103,False,True,sisitem,0.5887
system,cs,Czech,Systém,sistem,wikipedia,1.0,True,True,sisitem,0.8571
coffee,ja,Japanese,コーヒー,kohi,wikipedia,0.6429,True,True,kafe,0.819
coffee,zh,Mandarin,咖啡,kafei,model-recall,,True,False,kafe,
coffee,ko,Korean,커피,kʌpi,wikipedia,1.0,True,True,kafe,0.9224
coffee,hi,Hindi,कॉफ़ी,kɔfi,wikipedia,1.0,True,True,kafe,0.9397
coffee,ar,Arabic,قهوة,qhua,wikipedia,0.5,False,False,kafe,
coffee,sw,Swahili,Kahawa,kahawa,wikipedia,0.875,True,True,kafe,0.5575
coffee,id,Indonesian,Kopi,kopi,wikipedia,1.0,True,True,kafe,0.9052
coffee,tr,Turkish,Kahve,kahve,wikipedia,1.0,True,True,kafe,0.7931
coffee,ru,Russian,Кофе,kofe,wikipedia,1.0,True,True,kafe,0.9655
coffee,es,Spanish,Café,kafe,wikipedia,1.0,True,True,kafe,1.0
coffee,fi,Finnish,Kahvi,kahvi,wikipedia,1.0,True,True,kafe,0.7793
coffee,vi,Vietnamese,Cà phê,ka fe,wikipedia,1.0,True,True,kafe,1.0
coffee,ta,Tamil,காப்பி,kappi,wikipedia,0.7368,True,True,kafe,0.7517
coffee,he,Hebrew,קפה,kph,wikipedia,1.0,True,False,kafe,
coffee,is,Icelandic,Kaffi,kaffi,wikipedia,0.7368,True,True,kafe,0.7862
coffee,hu,Hungarian,Kávé,kave,wikipedia,1.0,True,True,kafe,0.9914
coffee,cs,Czech,Káva,kava,wikipedia,1.0,True,True,kafe,0.9569
tea,ja,Japanese,茶,,wikipedia,0.0,False,True,te,
tea,zh,Mandarin,茶,cha,model-recall,,True,False,te,
tea,ko,Korean,차 (음료),tʃa,wikipedia,0.2857,False,True,te,0.6207
tea,hi,Hindi,चाय,tʃaj,wikipedia,0.2857,False,True,te,0.4655
tea,ar,Arabic,شاي,,wikipedia,0.0,False,False,te,
tea,sw,Swahili,Chai,tʃai,wikipedia,0.2857,False,True,te,0.4828
tea,id,Indonesian,Teh,teh,wikipedia,1.0,True,True,te,0.6667
tea,tr,Turkish,Çay (içecek),tʃaj,wikipedia,0.2857,False,True,te,0.4655
tea,ru,Russian,Чай,tʃaj,wikipedia,0.2857,False,True,te,0.4655
tea,es,Spanish,Té,te,wikipedia,1.0,True,True,te,1.0
tea,fi,Finnish,Tee,tee,wikipedia,0.7778,True,True,te,0.6667
tea,vi,Vietnamese,Trà,ʈa,wikipedia,1.0,True,True,te,0.8966
tea,ta,Tamil,தேநீர்,tenir,wikipedia,0.5833,False,True,te,0.4
tea,he,Hebrew,תה,th,wikipedia,1.0,True,False,te,
tea,is,Icelandic,Te,te,wikipedia,1.0,True,True,te,1.0
tea,hu,Hungarian,Tea (ital),tea,wikipedia,0.7778,True,True,te,0.6667
tea,cs,Czech,Čaj,tʃaj,wikipedia,0.2857,False,True,te,0.4655
chocolate,ja,Japanese,チョコレート,tʃjokoreto,wikipedia,0.8485,True,True,kokolate,0.7259
chocolate,zh,Mandarin,巧克力,qiaokeli,model-recall,,True,False,kokolate,
chocolate,ko,Korean,초콜릿,tʃokolrit,wikipedia,0.7742,True,True,kokolate,0.6111
chocolate,hi,Hindi,चॉकलेट,tʃɔkaleʈ,wikipedia,0.9286,True,True,kokolate,0.6659
chocolate,ar,Arabic,شوكولاتة,ʃukulata,wikipedia,1.0,True,False,kokolate,
chocolate,sw,Swahili,Chokoleti,tʃokoleti,wikipedia,1.0,True,True,kokolate,0.8333
chocolate,id,Indonesian,Cokelat,tʃokelat,wikipedia,0.9286,True,True,kokolate,0.6961
chocolate,tr,Turkish,Çikolata,tʃikolata,wikipedia,1.0,True,True,kokolate,0.818
chocolate,ru,Russian,Шоколад,ʃokolad,wikipedia,0.9286,True,True,kokolate,0.8211
chocolate,es,Spanish,Chocolate,tʃokolate,wikipedia,1.0,True,True,kokolate,0.8563
chocolate,fi,Finnish,Suklaa,suklaa,wikipedia,0.75,True,True,kokolate,0.6573
chocolate,vi,Vietnamese,Sô-cô-la,so-ko-la,wikipedia,0.75,True,True,kokolate,0.6918
chocolate,ta,Tamil,சாக்கலேட்,sakkaleʈ,wikipedia,0.7742,True,True,kokolate,0.6315
chocolate,he,Hebrew,שוקולד,ʃukuld,wikipedia,1.0,True,False,kokolate,
chocolate,is,Icelandic,Súkkulaði,sukkulaði,wikipedia,0.8485,True,True,kokolate,0.7759
chocolate,hu,Hungarian,Csokoládé,tʃokolade,wikipedia,1.0,True,True,kokolate,0.8525
chocolate,cs,Czech,Čokoláda,tʃokolada,wikipedia,1.0,True,True,kokolate,0.8372
sugar,ja,Japanese,砂糖,,wikipedia,0.0,False,True,suka,
sugar,zh,Mandarin,糖,,model-recall,,False,False,suka,
sugar,ko,Korean,설탕,sʌltaŋ,wikipedia,0.375,False,True,suka,0.5833
sugar,hi,Hindi,शर्करा,ʃarkara,wikipedia,0.7917,True,True,suka,0.5172
sugar,ar,Arabic,سكر,skr,wikipedia,1.0,True,False,suka,
sugar,sw,Swahili,Sukari,sukari,wikipedia,0.9048,True,True,suka,0.6667
sugar,id,Indonesian,Gula,gula,wikipedia,0.5263,False,True,suka,0.6724
sugar,tr,Turkish,Şeker,ʃeker,wikipedia,1.0,True,True,suka,0.6966
sugar,ru,Russian,Сахар,saxar,wikipedia,1.0,True,True,suka,0.7172
sugar,es,Spanish,Azúcar,asukar,wikipedia,0.9048,True,True,suka,0.6667
sugar,fi,Finnish,Sokerit,sokerit,wikipedia,0.9048,True,True,suka,0.532
sugar,vi,Vietnamese,Đường (thực phẩm),dɯəŋ,wikipedia,0.2105,False,True,suka,0.3879
sugar,ha,Hausa,Sukari,sukari,wikipedia,0.9048,True,True,suka,0.6667
sugar,ta,Tamil,சீனி,sini,wikipedia,0.4737,False,True,suka,0.7284
sugar,he,Hebrew,סוכר,sukr,wikipedia,1.0,True,False,suka,
sugar,is,Icelandic,Sykur,sikur,wikipedia,1.0,True,True,suka,0.7034
sugar,hu,Hungarian,Cukor,tsukor,wikipedia,1.0,True,True,suka,0.6437
sugar,cs,Czech,Cukr,tsukr,wikipedia,0.8947,True,True,suka,0.6276
banana,ja,Japanese,バナナ,banana,wikipedia,1.0,True,True,banana,1.0
banana,zh,Mandarin,蕉,,model-recall,,False,False,banana,
banana,ko,Korean,바나나,panana,wikipedia,1.0,True,True,banana,0.9943
banana,hi,Hindi,केला,kela,wikipedia,0.1905,False,True,banana,0.546
banana,ar,Arabic,موز,muz,wikipedia,0.3333,False,False,banana,
banana,sw,Swahili,Ndizi,ndizi,wikipedia,0.1905,False,True,banana,0.5374
banana,id,Indonesian,Pisang,pisaŋ,wikipedia,0.6667,True,True,banana,0.6523
banana,tr,Turkish,Muz,muz,wikipedia,0.3333,False,True,banana,0.342
banana,ru,Russian,Банан,banan,wikipedia,0.9048,True,True,banana,0.8333
banana,es,Spanish,Banana,banana,wikipedia,1.0,True,True,banana,1.0
banana,fi,Finnish,Hedelmäbanaani,hedelmæbanaani,wikipedia,0.4773,False,True,banana,0.4138
banana,vi,Vietnamese,Chuối,tʃuoi,wikipedia,0.2857,False,True,banana,0.4397
banana,ha,Hausa,Ayaba,ajaba,wikipedia,0.2857,False,True,banana,0.6322
banana,ta,Tamil,வாழைப்பழம்,vaɻaippaɻam,wikipedia,0.3462,False,True,banana,0.431
banana,he,Hebrew,בננה,bnnh,wikipedia,1.0,True,False,banana,
banana,is,Icelandic,Banani,banani,wikipedia,1.0,True,True,banana,0.9655
banana,hu,Hungarian,Banán,banan,wikipedia,0.9048,True,True,banana,0.8333
banana,cs,Czech,Banán,banan,wikipedia,0.9048,True,True,banana,0.8333
taxi,ja,Japanese,タクシー,takuʃi,wikipedia,0.9048,True,True,takisi,0.9483
taxi,zh,Mandarin,出租車,dishi,model-recall,,True,False,takisi,
taxi,ko,Korean,택시,teksi,wikipedia,1.0,True,True,takisi,0.8103
taxi,hi,Hindi,टैक्सी,ʈɛksi,wikipedia,1.0,True,True,takisi,0.7931
taxi,ar,Arabic,سيارة أجرة,siaraadʒra,wikipedia,0.25,False,False,takisi,
taxi,sw,Swahili,Teksi,teksi,wikipedia,1.0,True,True,takisi,0.8103
taxi,id,Indonesian,Taksi,taksi,wikipedia,1.0,True,True,takisi,0.8333
taxi,tr,Turkish,Taksi,taksi,wikipedia,1.0,True,True,takisi,0.8333
taxi,ru,Russian,Такси,taksi,wikipedia,1.0,True,True,takisi,0.8333
taxi,es,Spanish,Taxi,taksi,wikipedia,1.0,True,True,takisi,0.8333
taxi,fi,Finnish,Taksi,taksi,wikipedia,1.0,True,True,takisi,0.8333
taxi,vi,Vietnamese,Taxi,tasi,wikipedia,0.7368,True,True,takisi,0.6667
taxi,ta,Tamil,வாடகையுந்து,vaʈakaijuntu,wikipedia,0.4286,False,True,takisi,0.4626
taxi,he,Hebrew,מונית,,wikipedia,0.0,False,False,takisi,
taxi,is,Icelandic,Leigubíll,leigubitl,wikipedia,0.2727,False,True,takisi,0.5268
taxi,hu,Hungarian,Taxi,taksi,wikipedia,1.0,True,True,takisi,0.8333
taxi,cs,Czech,Taxi,taksi,wikipedia,1.0,True,True,takisi,0.8333
hotel,ja,Japanese,ホテル,hoteru,wikipedia,0.875,True,True,hote,0.6667
hotel,zh,Mandarin,酒店,,model-recall,,False,False,hote,
hotel,ko,Korean,호텔,hotel,wikipedia,1.0,True,True,hote,0.8
hotel,hi,Hindi,होटल,hoʈal,wikipedia,1.0,True,True,hote,0.7586
hotel,ar,Arabic,فندق,fndq,wikipedia,0.25,False,False,hote,
hotel,sw,Swahili,Hoteli,hoteli,wikipedia,0.875,True,True,hote,0.6667
hotel,id,Indonesian,Hotel,hotel,wikipedia,1.0,True,True,hote,0.8
hotel,tr,Turkish,Otel,otel,wikipedia,1.0,True,True,hote,0.5
hotel,ru,Russian,Гостиница,gostinitsa,wikipedia,0.375,False,True,hote,0.3414
hotel,es,Spanish,Hotel,otel,wikipedia,1.0,True,True,hote,0.5
hotel,fi,Finnish,Hotelli,hotelli,wikipedia,0.7368,True,True,hote,0.5714
hotel,vi,Vietnamese,Khách sạn,xatʃ san,wikipedia,0.1667,False,True,hote,0.4828
hotel,ta,Tamil,விடுதி,viʈuti,wikipedia,0.4286,False,True,hote,0.5402
hotel,he,Hebrew,בית מלון,bitmlun,wikipedia,0.5,False,False,hote,
hotel,is,Icelandic,Hótel,hotel,wikipedia,1.0,True,True,hote,0.8
hotel,hu,Hungarian,Szálloda,salloda,wikipedia,0.2083,False,True,hote,0.5
hotel,cs,Czech,Hotel,hotel,wikipedia,1.0,True,True,hote,0.8
tomato,ja,Japanese,トマト,tomato,wikipedia,1.0,True,True,tomate,0.977
tomato,zh,Mandarin,番茄,,model-recall,,False,False,tomate,
tomato,ko,Korean,토마토,tomato,wikipedia,1.0,True,True,tomate,0.977
tomato,hi,Hindi,टमाटर,ʈamaʈar,wikipedia,0.8077,True,True,tomate,0.798
tomato,ar,Arabic,طماطم,tmatm,wikipedia,0.75,True,False,tomate,
tomato,sw,Swahili,Mnyanya,mɲaɲa,wikipedia,0.4286,False,True,tomate,0.5862
tomato,id,Indonesian,Tomat,tomat,wikipedia,0.9048,True,True,tomate,0.8333
tomato,tr,Turkish,Domates,domates,wikipedia,0.8077,True,True,tomate,0.8522
tomato,ru,Russian,Томат,tomat,wikipedia,0.9048,True,True,tomate,0.8333
tomato,es,Spanish,Solanum lycopersicum,solanum ljkopersikum,wikipedia,0.2692,False,True,tomate,0.2913
tomato,fi,Finnish,Tomaatti,tomaatti,wikipedia,0.75,True,True,tomate,0.7414
tomato,vi,Vietnamese,Cà chua,ka tʃua,wikipedia,0.2857,False,True,tomate,0.4368
tomato,ha,Hausa,Tumatir,tumatir,wikipedia,0.8077,True,True,tomate,0.8276
tomato,ta,Tamil,தக்காளி,takkaɭi,wikipedia,0.4231,False,True,tomate,0.6355
tomato,he,Hebrew,עגבנייה,,wikipedia,0.0,False,False,tomate,
tomato,is,Icelandic,Tómatur,tomatur,wikipedia,0.8077,True,True,tomate,0.8177
tomato,hu,Hungarian,Paradicsom (növényfaj),paraditʃom,wikipedia,0.4231,False,True,tomate,0.5138
tomato,cs,Czech,Rajče jedlé,rajtʃe jedle,wikipedia,0.2895,False,True,tomate,0.4545
theory,ja,Japanese,理論,,wikipedia,0.0,False,True,teoria,
theory,zh,Mandarin,理論,,unclassified,,,False,teoria,
theory,ko,Korean,이론,iron,wikipedia,0.3333,False,True,teoria,0.4483
theory,hi,Hindi,सिद्धांत (थिअरी),siddant,wikipedia,0.1724,False,True,teoria,0.3941
theory,ar,Arabic,نظرية,nðria,wikipedia,0.6667,True,False,teoria,
theory,sw,Swahili,Nadharia,nadharia,wikipedia,0.6087,False,True,teoria,0.6681
theory,id,Indonesian,Teori,teori,wikipedia,0.8889,True,True,teoria,0.8333
theory,tr,Turkish,Teori,teori,wikipedia,0.8889,True,True,teoria,0.8333
theory,ru,Russian,Теория,teorija,wikipedia,0.7826,True,True,teoria,0.8571
theory,es,Spanish,Teoría,teoria,wikipedia,1.0,True,True,teoria,1.0
theory,fi,Finnish,Teoria,teoria,wikipedia,1.0,True,True,teoria,1.0
theory,vi,Vietnamese,Lý thuyết,tuiet,wikipedia,0.4444,False,True,teoria,0.5287
theory,ta,Tamil,கொள்கை,koɭkai,wikipedia,0.4286,False,True,teoria,0.5632
theory,he,Hebrew,תאוריה,taurih,wikipedia,1.0,True,False,teoria,
theory,hu,Hungarian,Elmélet,elmelet,wikipedia,0.3462,False,True,teoria,0.4212
theory,cs,Czech,Teorie,teorie,wikipedia,1.0,True,True,teoria,0.977
