group,concept,gloss,form,syllables,donor,donor_family,donor_macroarea,donor_form,donor_adapted,source,seg_cost,seg_cost_weighted,score,nearest_word_distance,n_donor_candidates,recog_instrument,wiki_title,panel_languages,panel_share_world_l1,n_recognizing,recog_share_world_l1,recog_share_world_l1_strict,recog_share_panel,threshold,top_recognizers,rank,concepticon,wold
grammar,1SG,I (speaker),wo,1,MandarinChinese,Sino-Tibetan,Eurasia,wo3,wo,wold,0.0,0.0,0.9874,3.0,20,wold41,,36,0.24602929244760235,6,0.13871659184729818,0.13516910367770277,0.5638214477117236,,Hawaiian; Kalina; Kanuri; LowerSorbian; MandarinChinese; Romanian,,,2-91
grammar,2SG,you (one addressee),ka,1,Indonesian,Austronesian,Papunesia,kamu,kamu,wold,0.0,0.0,0.8937,2.0,18,wold41,,34,0.24602929244760235,6,0.009942485071624697,0.00354318285317122,0.0404117939482437,,Hausa; ImbaburaQuechua; LowerSorbian; OldHighGerman; Romanian; SeliceRomani,,,2-92
grammar,3SG,he/she/it,je,1,Swahili,Atlantic-Congo,Africa,yeye,jeje,wold,0.0,0.0,0.8971,2.0,16,wold41,,31,0.24602929244760235,1,3.819902383475475e-06,3.819902383475475e-06,1.5526209686145448e-05,,Hawaiian,,,2-93
grammar,1PL,we,mu,1,Hausa,Afro-Asiatic,Africa,múu,mu,wold,0.0,0.0,0.8286,2.0,14,wold41,,23,0.24602929244760235,3,0.006412664952721486,0.00640027450423473,0.026064640063488423,,Hausa; LowerSorbian; SeychellesCreole,,,2-94
grammar,2PL,you (more than one),nan,1,Kanuri,Saharan,Africa,nàndí,nandi,wold,0.0,0.0,0.7541,2.0,13,wold41,,23,0.24602929244760235,3,0.001351429131850014,1.4139688273120437e-07,0.005492960282921728,,Archi; CeqWong; Kanuri,,,2-95
grammar,3PL,they,si,1,Dutch,Indo-European,Eurasia,zij,siji,wold,0.0,0.0,0.8136,2.0,10,wold41,,18,0.24602929244760235,4,0.006412421516851217,0.006412421516851217,0.02606365060459982,,Hausa; Malagasy; OldHighGerman; Saramaccan,,,2-96
grammar,SELF,"reflexive, invariant; also the passive marker",fam,1,(coined),(none),(none),,fam,coined,0.0,0.0,0.0,2.0,0,wold41,,0,0.24602929244760235,0,0.0,0.0,0.0,,,,,
grammar,NEG,"negator, immediately before the verb",na,1,Japanese,Japonic,Eurasia,nai,nai,wold,0.0,0.0,-0.0264,1.0,17,wold41,,26,0.24602929244760235,12,0.16143954246809514,0.003612909008755567,0.6561801680687166,,Japanese; Kalina; MandarinChinese; Mapudungun; Romanian; Saramaccan,,,24-06
grammar,Q,"question particle, clause-initial",fen,1,(coined),(none),(none),,fen,coined,0.0,0.0,0.0,2.0,0,wold41,,0,0.24602929244760235,0,0.0,0.0,0.0,,,,,
grammar,WHAT,the one interrogative root; who = WHAT+person,kem,1,Mapudungun,Araucanian,South America,¿chem?,kem,wold,0.0,0.0,0.5896,2.0,20,wold41,,34,0.24602929244760235,7,0.011825862395607898,0.000684973146344257,0.04806688780006344,,CeqWong; LowerSorbian; Mapudungun; Oroqen; Qeqchi; TarifiytBerber,,,17-64
grammar,COP,copula; alone = existential,pen,1,Thai,Tai-Kadai,Eurasia,pen,pen,wold,0.0,0.0,-0.0614,1.0,14,wold41,,28,0.24602929244760235,5,0.05827859690423729,0.0030174386314803406,0.23687665937847247,,English; Oroqen; Saramaccan; SeliceRomani; Thai,,,24-01
grammar,AND,and,ti,1,WhiteHmong,Hmong-Mien,Eurasia,thiab,tiabu,wold,0.0,0.0,-0.2139,1.0,10,wold41,,28,0.24602929244760235,11,0.16148473116257625,0.027606664113099217,0.6563638400779783,,Bezhta; Gawwada; Japanese; Manange; MandarinChinese; Mapudungun,,,17-51
grammar,OR,or,ko,1,Hausa,Afro-Asiatic,Africa,kóo,ko,wold,0.0,0.0,-0.4214,1.0,7,wold41,,18,0.24602929244760235,3,0.025101590934343703,0.025057859939684568,0.10202683869315955,,Hausa; Japanese; Mapudungun,,,17-54
grammar,THAN,comparative standard marker,jom,1,(coined),(none),(none),,jom,coined,0.0,0.0,0.0,2.0,0,wold41,,0,0.24602929244760235,0,0.0,0.0,0.0,,,,,
grammar,IF,if; conditional,ne,1,Vietnamese,Austroasiatic,Eurasia,nếu,neu,wold,0.0,0.0,-0.0378,1.0,17,wold41,,29,0.24602929244760235,7,0.01342852244752509,0.0,0.05458099039318664,,Hawaiian; SeliceRomani; SeychellesCreole; Swahili; Vietnamese; Wichi,,,17-53
grammar,REL,relativizer / complementizer,jun,1,(coined),(none),(none),,jun,coined,0.0,0.0,0.0,2.0,0,wold41,,0,0.24602929244760235,0,0.0,0.0,0.0,,,,,
grammar,ORD,ordinal marker (ORD + numeral),kin,1,(coined),(none),(none),,kin,coined,0.0,0.0,0.0,2.0,0,wold41,,0,0.24602929244760235,0,0.0,0.0,0.0,,,,,
grammar,YES,"yes - answers the fact, not the polarity",ja,1,Indonesian,Austronesian,Papunesia,ya,ja,wold,0.0,0.0,-0.3563,1.0,6,wold41,,29,0.24602929244760235,10,0.009753497205105776,0.009740236509825305,0.039643642056089765,,Archi; Dutch; Indonesian; LowerSorbian; OldHighGerman; Otomi,,,17-55
grammar,NO,"no - answers the fact, not the polarity",no,1,English,Indo-European,Eurasia,no,no,wold,0.0,0.0,-0.25,1.0,10,wold41,,26,0.24602929244760235,9,0.19598858361452212,0.06215847488918795,0.7966067034731746,,Archi; Bezhta; Dutch; English; LowerSorbian; MandarinChinese,,,17-56
numeral,ZERO,0,se,1,Wichi,Mataguayan,South America,selu,selu,wold,0.0,0.0,-0.6,1.0,3,wold41,,8,0.24602929244760235,0,0.0,0.0,0.0,,,,,13
numeral,ONE,1,mo,1,Swahili,Atlantic-Congo,Africa,-moja,moja,wold,0.0,0.0,-0.0529,1.0,10,wold41,,33,0.24602929244760235,1,0.0,0.0,0.0,,CeqWong,,,13-01
numeral,TWO,2,ni,1,Kanuri,Saharan,Africa,ndí,nidi,wold,0.0,0.0,-0.1959,1.0,13,wold41,,31,0.24602929244760235,3,2.5651143767226838e-05,2.5509746884495632e-05,0.00010426052732192385,,Archi; Saramaccan; SeychellesCreole,,,13-02
numeral,THREE,3,san,1,MandarinChinese,Sino-Tibetan,Eurasia,san1,san,wold,0.0,0.0,0.0374,1.0,11,wold41,,32,0.24602929244760235,7,0.13621786622241744,0.13388407277274356,0.5536652358232026,,Iraqw; Malagasy; Manange; MandarinChinese; Oroqen; SeliceRomani,,,13-03
numeral,FOUR,4,bon,1,Vietnamese,Austroasiatic,Eurasia,bốn,bon,wold,0.2,0.4,0.1122,2.0,15,wold41,,33,0.24602929244760235,3,0.029737076368212052,0.029737076368212052,0.120868031901304,,Japanese; Vietnamese; ZinacantanTzotzil,,,13-04
numeral,FIVE,5,ta,1,Oroqen,Tungusic,Eurasia,tʊŋŋa,ta,wold,0.0,0.0,-0.2667,1.0,20,wold41,,28,0.24602929244760235,2,1.7492397863654149e-07,1.7492397863654149e-07,7.10988422948847e-07,,Oroqen; ZinacantanTzotzil,,,13-05
numeral,SIX,6,wa,1,Qeqchi,Mayan,North America,waqib',wakibu,wold,0.0,0.0,0.0725,1.0,9,wold41,,29,0.24602929244760235,0,0.0,0.0,0.0,,,,,13-06
numeral,SEVEN,7,wi,1,Archi,Nakh-Daghestanian,Eurasia,wikɬ,wiki,wold,0.0,0.0,-0.2767,1.0,13,wold41,,29,0.24602929244760235,0,0.0,0.0,0.0,,,,,13-07
numeral,EIGHT,8,pu,1,Mapudungun,Araucanian,South America,pura,pura,wold,0.0,0.0,-0.3604,1.0,10,wold41,,27,0.24602929244760235,1,0.13381684365695423,0.13381684365695423,0.543906143555868,,MandarinChinese,,,13-08
numeral,NINE,9,sem,1,Indonesian,Austronesian,Papunesia,sembilan,sembilan,wold,0.0,0.0,-0.4063,1.0,8,wold41,,27,0.24602929244760235,1,0.01107851864698096,0.01107851864698096,0.045029266786760315,,Vietnamese,,,13-09
numeral,TEN,10,ten,1,English,Indo-European,Eurasia,ten,ten,wold,0.0,0.0,-0.3,1.0,13,wold41,,26,0.24602929244760235,5,0.05862844486151037,0.05862844486151037,0.23829863622437017,,Dutch; English; Oroqen; Saramaccan; SeliceRomani,,,13-1
generic,PERSON,person (agent nouns: X-person),ki,1,Thai,Tai-Kadai,Eurasia,khon,kihon,wold,0.0,0.0,-0.1114,1.0,12,wold41,,28,0.24602929244760235,5,0.00011096011044844615,0.00011096011044844615,0.00045100365629055197,,CeqWong; Iraqw; Manange; Mapudungun; Oroqen,,,2-1
generic,THING,thing (object nouns: X-thing),te,1,Hup,Naduhup,South America,-teg,tegi,wold,0.0,0.0,-0.2503,1.0,17,wold41,,24,0.24602929244760235,4,6.940837702315769e-05,6.795067720118651e-05,0.00028211428132257795,,Bezhta; Iraqw; Kalina; Ket,,,11-18
generic,PLACE,place (where: WHAT-place),to,1,Japanese,Japonic,Eurasia,tokoro,tokoro,wold,0.0,0.0,-0.0764,1.0,11,wold41,,29,0.24602929244760235,7,0.004436225156703999,0.004436225156703999,0.018031288520852843,,Hup; Iraqw; Kanuri; Ket; Oroqen; SeliceRomani,,,12-11
generic,TIME,time (when: WHAT-time),ku,1,Qeqchi,Mayan,North America,kutan,kutan,wold,0.0,0.0,-0.2775,1.0,7,wold41,,19,0.24602929244760235,2,2.1865497329567686e-08,2.1865497329567686e-08,8.887355286860588e-08,,Ket; Otomi,,,14-11
generic,REASON,reason (why: WHAT-reason),fo,1,Malagasy,Austronesian,Africa,fòtotra,fototra,wold,0.0,0.0,-0.8465,1.0,3,wold41,,10,0.24602929244760235,0,0.0,0.0,0.0,,,,,17-42
generic,MANNER,manner (how: WHAT-manner),fu,1,Kanuri,Saharan,Africa,fútù,futu,wold,0.0,0.0,-0.5459,1.0,6,wold41,,22,0.24602929244760235,0,0.0,0.0,0.0,,,,,17-49
generic,QUALITY,quality (abstract nouns: X-quality),mim,1,(coined),(none),(none),,mim,coined,0.0,0.0,0.0,2.0,0,wold41,,0,0.24602929244760235,0,0.0,0.0,0.0,,,,,
generic,ACTION,action (X-action),num,1,WhiteHmong,Hmong-Mien,Eurasia,num,num,wold,0.0,0.0,0.3361,2.0,3,wold41,,19,0.24602929244760235,1,0.0,0.0,0.0,,WhiteHmong,,,9-12
generic,TOOL,tool (instrument nouns: X-tool),kom,1,Swahili,Atlantic-Congo,Africa,chombo,kombo,wold,0.0,0.0,-0.4029,1.0,3,wold41,,8,0.24602929244760235,1,0.0023337934496738995,0.0,0.009485835716781304,,Swahili,,,9-422
core,FIRE,fire,fa,1,Thai,Tai-Kadai,Eurasia,fay,fai,wold,0.0,0.0,-0.3114,1.0,6,wold41,,38,0.24602929244760235,4,0.021676870972604616,8.746198931827075e-07,0.08810687035252604,,Bezhta; Japanese; Malagasy; Thai,1,221,1-81
core,NOSE,nose,ma,1,Bezhta,Nakh-Daghestanian,Eurasia,mǟ,ma,wold,0.0,0.0,-0.391,1.0,8,wold41,,35,0.24602929244760235,3,8.746198931827075e-07,8.746198931827075e-07,3.5549421147442355e-06,,Bezhta; Takia; ZinacantanTzotzil,2,1221,4-23
core,GO,to go,me,1,KildinSaami,Uralic,Eurasia,mēnne,mene,wold,0.0,0.0,-0.1578,1.0,10,wold41,,31,0.24602929244760235,4,0.06166028556723179,0.0,0.25062172456706056,,English; Hausa; Otomi; Saramaccan,3,695,10-47
core,WATER,water,tu,1,Kalina,Cariban,South America,tuna,tuna,wold,0.0,0.0,-0.017,1.0,9,wold41,,37,0.24602929244760235,5,0.13386082246058312,4.397880362887047e-05,0.5440848978952044,,KildinSaami; MandarinChinese; Mapudungun; Oroqen; ZinacantanTzotzil,4,948,1-31
core,MOUTH,mouth,su,1,MandarinChinese,Sino-Tibetan,Eurasia,zui3,sui,wold,0.0,0.0,-0.1626,1.0,11,wold41,,37,0.24602929244760235,4,0.13516815325741885,0.001351287734967283,0.5493986179967008,,Kanuri; Ket; Manange; MandarinChinese,5,674,4-24
core,TONGUE,tongue,nu,1,Kalina,Cariban,South America,-nulu,nulu,wold,0.0,0.0,-0.367,1.0,8,wold41,,34,0.24602929244760235,1,0.0,0.0,0.0,,Manange,6,1205,4-26
core,BLOOD,blood,kun,1,Gurindji,Pama-Nyungan,Australia,kungulu,kungulu,wold,0.0,0.0,-0.45,1.0,12,wold41,,36,0.24602929244760235,0,0.0,0.0,0.0,,,7,946,4-15
core,BONE,bone,ba,1,Qeqchi,Mayan,North America,b’aq,baki,wold,0.2,0.3,-0.7775,1.0,6,wold41,,34,0.24602929244760235,1,0.0,0.0,0.0,,Yaqui,7,1394,4-16
core,ROOT,root,sa,1,ImbaburaQuechua,Quechuan,South America,sapi,sapi,wold,0.0,0.0,-0.45,1.0,5,wold41,,34,0.24602929244760235,3,0.029804130560022728,0.011145572838791635,0.12114057746343439,,Iraqw; Japanese; Vietnamese,9,670,8-54
core,COME,to come,so,1,Hausa,Afro-Asiatic,Africa,zóo,so,wold,0.0,0.0,-0.3214,1.0,6,wold41,,29,0.24602929244760235,2,0.006412421516851217,0.006412421516851217,0.02606365060459982,,Hausa; Saramaccan,11,1446,10-48
core,BREAST,breast,mam,1,Ket,Yeniseian,Eurasia,maˀm,mam,wold,0.0,0.0,-0.2141,1.0,10,wold41,,36,0.24602929244760235,6,0.012959114679703843,0.006559812461250367,0.05267305592265517,,Archi; Hausa; Ket; Malagasy; Romanian; Thai,12,1402,4-41
core,RAIN (PRECIPITATION),rain,ju,1,Yaqui,Uto-Aztecan,North America,yuku,juku,wold,0.0,0.0,-0.45,1.0,6,wold41,,33,0.24602929244760235,3,0.13381684365695423,0.13381684365695423,0.543906143555868,,MandarinChinese; Otomi; Takia,13,658,1-75
core,NAME,name,nam,1,Dutch,Indo-European,Eurasia,naam,nam,wold,0.0,0.0,-0.6864,1.0,5,wold41,,34,0.24602929244760235,8,0.07326138960038941,0.06970605973460171,0.29777506926738057,,Dutch; English; OldHighGerman; Romanian; Saramaccan; SeychellesCreole,15,1405,18-28
core,LOUSE,louse,fan,1,(coined),(none),(none),,fan,coined,0.0,0.0,0.0,1.0,0,wold41,,0,0.24602929244760235,0,0.0,0.0,0.0,,,15,1392,
core,WING,wing,kan,1,Vietnamese,Austroasiatic,Eurasia,cánh,kanhi,wold,0.0,0.0,-0.2878,1.0,9,wold41,,32,0.24602929244760235,3,0.011078907852833428,0.0,0.045030848736001376,,Archi; Hup; Vietnamese,17,1257,4-392
core,FLESH OR MEAT,flesh/meat,fe,1,(coined),(none),(none),,fe,coined,0.0,0.0,0.0,1.0,0,wold41,,0,0.24602929244760235,0,0.0,0.0,0.0,,,18,2615,
core,ARM OR HAND,arm/hand,fem,1,(coined),(none),(none),,fem,coined,0.0,0.0,0.0,1.0,0,wold41,,0,0.24602929244760235,0,0.0,0.0,0.0,,,19,2121,
core,FLY (INSECT),fly,jo,1,WhiteHmong,Hmong-Mien,Eurasia,yoov,jofu,wold,0.0,0.0,-0.4639,1.0,7,wold41,,33,0.24602929244760235,2,0.01865855772123109,0.01865855772123109,0.07583876511454368,,CeqWong; Japanese,20,1504,3-83
core,NIGHT,night,tun,1,Sakha,Turkic,Eurasia,tüːn,tun,wold,0.0,0.0,-0.45,1.0,7,wold41,,33,0.24602929244760235,4,0.0013950187296264184,0.0013950187296264184,0.005670132673017055,,ImbaburaQuechua; Kanuri; Mapudungun; Sakha,20,1233,14-42
core,EAR,ear,pi,1,KildinSaami,Uralic,Eurasia,piellj,pieliji,wold,0.0,0.0,-0.5078,1.0,4,wold41,,34,0.24602929244760235,1,0.01107851864698096,0.0,0.045029266786760315,,Vietnamese,22,1247,4-22
core,NECK,neck,pe,1,Mapudungun,Araucanian,South America,peḻ,peli,wold,0.0,0.0,-0.5604,1.0,5,wold41,,31,0.24602929244760235,3,0.011079393266874144,0.011079393266874144,0.04503282172887506,,Bezhta; Takia; Vietnamese,23,1333,4-28
core,FAR,far,we,1,Hup,Naduhup,South America,w’ěh,wehi,wold,0.0,0.0,-0.4503,1.0,7,wold41,,31,0.24602929244760235,0,0.0,0.0,0.0,,,23,1406,12-44
core,DO OR MAKE,to do/make,fi,1,(coined),(none),(none),,fi,coined,0.0,0.0,0.0,1.0,0,wold41,,0,0.24602929244760235,0,0.0,0.0,0.0,,,25,2575,
core,HOUSE,house,du,1,Oroqen,Tungusic,Eurasia,dʒu:,du,wold,0.2,0.3,-0.7667,1.0,8,wold41,,34,0.24602929244760235,7,6.844921054030066e-05,6.722911578931077e-05,0.00027821569480340844,,Hup; Iraqw; LowerSorbian; Manange; Oroqen; Takia,26,1252,7-12
core,STONE OR ROCK,stone/rock,do,1,Otomi,Otomanguean,North America,do,do,wold,0.2,0.3,-0.75,1.0,7,wold41,,34,0.24602929244760235,2,0.0,0.0,0.0,,Otomi; ZinacantanTzotzil,27,2125,1-44
core,BITTER,bitter,sim,1,Kanuri,Saharan,Africa,cîm,sim,wold,0.0,0.0,-0.7459,1.0,8,wold41,,30,0.24602929244760235,1,0.001351287734967283,0.001351287734967283,0.0054923855672798436,,Kanuri,28,887,15-37
core,SAY,to say,pin,1,Mapudungun,Araucanian,South America,pin,pin,wold,0.0,0.0,-0.9104,1.0,6,wold41,,32,0.24602929244760235,5,6.617957191749153e-05,4.373099465913537e-05,0.00026899062001564715,,Gawwada; Manange; Mapudungun; SeychellesCreole; Takia,28,1458,18-22
core,TOOTH,tooth,pan,1,KildinSaami,Uralic,Eurasia,pānn’,pan,wold,0.0,0.0,-0.8578,1.0,5,wold41,,37,0.24602929244760235,4,0.004368799251438722,0.003017511516471439,0.017757232108323685,,Kanuri; KildinSaami; OldHighGerman; Thai,28,1380,4-27
core,HAIR,hair,fim,1,(coined),(none),(none),,fim,coined,0.0,0.0,0.0,1.0,0,wold41,,0,0.24602929244760235,0,0.0,0.0,0.0,,,31,1040,
core,BIG,big,jan,1,Gurindji,Pama-Nyungan,Australia,jangkarni,jangikarini,wold,0.0,0.0,-0.8,1.0,10,wold41,,34,0.24602929244760235,4,0.00307866202400313,0.0,0.012513396243899709,,ImbaburaQuechua; Qeqchi; Sakha; Thai,32,1202,12-55
core,STRIKE OR BEAT,to hit/beat,da,1,MandarinChinese,Sino-Tibetan,Eurasia,da3,da,wold,0.2,0.3,-0.8126,1.0,10,wold41,,32,0.24602929244760235,3,0.13683428228843458,0.13683428228843458,0.5561706938517356,,Gurindji; MandarinChinese; Thai,36,2133,9-21
core,FOOT OR LEG,leg/foot,fin,1,(coined),(none),(none),,fin,coined,0.0,0.0,0.0,1.0,0,wold41,,0,0.24602929244760235,0,0.0,0.0,0.0,,,37,2098,
core,HORN (ANATOMY),horn,sun,1,Vietnamese,Austroasiatic,Eurasia,sừng,sungi,wold,0.0,0.0,-0.6378,1.0,2,wold41,,32,0.24602929244760235,3,0.01107964107584388,2.478089697351004e-07,0.04503382896247424,,Bezhta; Hup; Vietnamese,38,1393,4-17
core,THIS,this,bu,1,Sakha,Turkic,Eurasia,bu,bu,wold,0.2,0.3,-1.1,1.0,5,wold41,,30,0.24602929244760235,4,0.0030174386314803406,0.0,0.012264550295867612,,CeqWong; Sakha; Thai; WhiteHmong,38,1214,24-07
core,FISH,fish,bi,1,Bezhta,Nakh-Daghestanian,Eurasia,bisa,bisa,wold,0.2,0.3,-1.041,1.0,2,wold41,,32,0.24602929244760235,3,0.011078660043863693,0.01107851864698096,0.0450298415024022,,Archi; CeqWong; Vietnamese,38,227,3-65
core,YESTERDAY,yesterday,wan,1,Thai,Tai-Kadai,Eurasia,waan,wan,wold,0.0,0.0,-0.6614,1.0,9,wold41,,33,0.24602929244760235,3,0.005351479890123975,0.0030176864404500756,0.021751393246248096,,Hup; Swahili; Thai,41,1174,14-49
core,DRINK,to drink,mi,1,Indonesian,Austronesian,Papunesia,minum,minum,wold,0.0,0.0,-0.9563,1.0,1,wold41,,27,0.24602929244760235,3,0.13381684365695423,0.13381684365695423,0.543906143555868,,Manange; MandarinChinese; Yaqui,42,1401,5-13
core,BLACK,black,ke,1,Qeqchi,Mayan,North America,q'eq,keki,wold,0.0,0.0,-0.8275,1.0,4,wold41,,27,0.24602929244760235,3,6.705419181067424e-05,6.705419181067424e-05,0.00027254556213039135,,Iraqw; Otomi; ZinacantanTzotzil,42,163,15-65
core,NAVEL,navel,po,1,Kalina,Cariban,South America,-powetɨ,poweti,wold,0.0,0.0,-0.717,1.0,2,wold41,,33,0.24602929244760235,1,0.13381684365695423,0.13381684365695423,0.543906143555868,,MandarinChinese,42,1838,4-43
core,STAND,to stand,ge,1,Hup,Naduhup,South America,g’et-,geti,wold,0.2,0.3,-1.1003,1.0,3,wold41,,29,0.24602929244760235,2,3.819902383475475e-06,3.819902383475475e-06,1.5526209686145448e-05,,CeqWong; Hawaiian,45,1442,12-15
core,BITE,to bite,tom,1,WhiteHmong,Hmong-Mien,Eurasia,tom,tom,wold,0.0,0.0,-0.8139,1.0,2,wold41,,26,0.24602929244760235,4,0.029737076368212052,0.01107851864698096,0.120868031901304,,Japanese; Manange; Vietnamese; WhiteHmong,46,1403,4-58
core,BACK,back,be,1,MandarinChinese,Sino-Tibetan,Eurasia,bei4,bei,wold,0.2,0.3,-1.1626,1.0,6,wold41,,31,0.24602929244760235,3,0.15549284000966568,0.01865855772123109,0.6320094589662792,,Japanese; MandarinChinese; Thai,46,1291,4-19
core,WIND,wind,win,1,English,Indo-European,Eurasia,wind,windi,wold,0.0,0.0,-0.85,1.0,8,wold41,,35,0.24602929244760235,5,0.06163276419459297,0.0,0.25050986238851664,,Dutch; English; OldHighGerman; Oroqen; Thai,48,960,1-72
core,SMOKE (EXHAUST),smoke,fum,1,Romanian,Indo-European,Eurasia,fum,fum,wold,0.0,0.0,-1.4096,1.0,2,wold41,,32,0.24602929244760235,2,0.00354318285317122,0.00354318285317122,0.014401467475365044,,LowerSorbian; Romanian,49,778,1-83
technical,LANGUAGE,language,lingua,3,international (Latin/Greek),Indo-European,Eurasia,lingua,lingua,translit,1.15,0.0,,,1,wikipedia_langlinks,Language,224,0.8119128341021681,18,0.02494291287445305,0.005998660565113825,0.030721170828683225,below 30%,vie:Ngôn ngữ(0.647); ary:لوغة(0.609); ron:Limbă (comunicare)(0.761); lin:Lokótá(0.603); nap:Lengua(0.773); sot:Dipuo(0.678),,,
technical,WORD,word,lekisi,3,international (Latin/Greek),Indo-European,Eurasia,lexi,lekisi,translit,0.5,0.0,,,1,wikipedia_langlinks,Word,142,0.7317037299547827,16,0.03329029548465754,0.0061369162504986636,0.04549696020644147,below 30%,tur:Kelime(0.601); nan:Jī-sû(0.647); sun:Kecap (basa Sunda)(0.609); tgl:Salita(0.71); ell:Λέξη(0.833); zul:Igama(0.629),,,
technical,SENTENCE,sentence,frase,2,international (Latin/Greek),Indo-European,Eurasia,frase,frase,translit,1.4,0.0,,,1,wikipedia_langlinks,Sentence (linguistics),93,0.6779734537200892,16,0.07333890366304263,0.0271881272994351,0.10817370984162696,below 30%,por:Período (gramática)(0.621); fra:Phrase(1.0); ita:Frase(1.0); pol:Zdanie(0.624); lin:Faláze(0.799); ell:Πρόταση(0.68),,,
technical,GRAMMAR,grammar,gramatika,4,international (Latin/Greek),Indo-European,Eurasia,grammatica,gramatika,translit,1.6,0.0,,,1,wikipedia_langlinks,Grammar,146,0.7343804471418054,82,0.27897545138865926,0.19825327713645519,0.37987864801469917,below 30%,spa:Gramática(1.0); eng:Grammar(0.609); por:Gramática(1.0); rus:Грамматика(0.9); fra:Grammaire(0.676); deu:Grammatik(0.778),,,
technical,VERB,verb,feribum,3,international (Latin/Greek),Indo-European,Eurasia,verbum,feribum,translit,1.2,0.0,,,1,wikipedia_langlinks,Verb,134,0.7212827554996759,31,0.18561660915585096,4.5407349454402224e-05,0.2573423636438711,below 30%,spa:Verbo(0.69); por:Verbo(0.69); rus:Глагол(0.613); mar:क्रियापद(0.616); fra:Verbe(0.67); tam:வினைச்சொல்(0.628),,,
technical,NOUN,noun,nomen,2,international (Latin/Greek),Indo-European,Eurasia,nomen,nomen,translit,0.0,0.0,,,1,wikipedia_langlinks,Noun,128,0.7222381122840482,18,0.08559765538476177,0.06264273880474482,0.11851722296136204,below 30%,eng:Noun(0.745); fra:Nom (grammaire)(0.6); ind:Nomina(0.822); ukr:Іменник(0.635); kaz:Зат есім(0.609); hun:Főnév(0.693),,,
technical,ADJECTIVE,adjective,adijekitifo,6,international (Latin/Greek),Indo-European,Eurasia,adjectivo,adijekitifo,translit,0.5,0.0,,,1,wikipedia_langlinks,Adjective,113,0.6981568307600542,30,0.2290628998796772,0.06208261764815239,0.328096624980817,below 30%,spa:Adjetivo(0.687); eng:Adjective(0.719); por:Adjetivo(0.687); fra:Adjectif(0.644); deu:Adjektiv(0.641); tam:பெயரடை(0.649),,,
technical,ADVERB,adverb,adiferibio,6,international (Latin/Greek),Indo-European,Eurasia,adverbio,adiferibio,translit,2.15,0.0,,,1,wikipedia_langlinks,Adverb,89,0.6672117877033711,17,0.14148205992182167,0.12404844001346899,0.21204970075367097,below 30%,spa:Adverbio(0.797); por:Advérbio(0.797); fra:Adverbe(0.69); ita:Avverbio(0.764); ind:Adverbia(0.783); ell:Επίρρημα(0.659),,,
technical,SYLLABLE,syllable,silaba,3,international (Latin/Greek),Indo-European,Eurasia,syllaba,silaba,translit,0.7,0.0,,,1,wikipedia_langlinks,Syllable,101,0.6843232087215939,37,0.22191687489272094,0.15660766492723216,0.32428664126018897,below 30%,spa:Sílaba(1.0); eng:Syllable(0.692); por:Sílaba(1.0); fra:Syllabe(0.791); deu:Silbe(0.81); ita:Sillaba(0.857),,,
technical,CONSONANT,consonant,konsonanta,4,international (Latin/Greek),Indo-European,Eurasia,consonanta,konsonanta,translit,0.0,0.0,,,1,wikipedia_langlinks,Consonant,110,0.7042011176211357,43,0.23572449768869652,0.2171474253875136,0.33474030612873534,below 30%,spa:Consonante(0.986); eng:Consonant(0.9); por:Consoante(0.886); fra:Consonne(0.786); deu:Konsonant(0.9); tam:மெய்யெழுத்து(0.603),,,
technical,VOWEL,vowel,fokala,3,international (Latin/Greek),Indo-European,Eurasia,vocala,fokala,translit,0.5,0.0,,,1,wikipedia_langlinks,Vowel,114,0.7167156321058985,47,0.2408690496548226,0.16766604107807312,0.3360733865216336,below 30%,spa:Vocal(0.828); eng:Vowel(0.661); por:Vogal(0.822); fra:Voyelle(0.7); deu:Vokal(0.828); jav:Vokal(0.828),,,
technical,PHONEME,phoneme,fonema,3,international (Latin/Greek),Indo-European,Eurasia,phonema,fonema,translit,0.0,0.0,,,1,wikipedia_langlinks,Phoneme,101,0.6558310485254003,77,0.35207724180864053,0.2811662750974941,0.5368413749246345,SHOULD (>30%),spa:Fonema(1.0); eng:Phoneme(0.977); hin:स्वनिम(0.626); por:Fonema(1.0); rus:Фонема(1.0); fra:Phonème(0.977),,,
technical,MORPHEME,morpheme,morifema,4,international (Latin/Greek),Indo-European,Eurasia,morphema,morifema,translit,1.0,0.0,,,1,wikipedia_langlinks,Morpheme,72,0.622659902508791,53,0.280549252628351,0.26360188143963276,0.45056579281558934,below 30%,spa:Morfema(0.875); eng:Morpheme(0.858); por:Morfema(0.875); rus:Морфема(0.875); fra:Morphème(0.858); deu:Morphem(0.75),,,
technical,COMPOUND,compound,komposito,4,international (Latin/Greek),Indo-European,Eurasia,composito,komposito,translit,0.0,0.0,,,1,wikipedia_langlinks,Compound (linguistics),50,0.5568952141176697,14,0.21263360249618662,0.13373455883432367,0.3818197698701321,below 30%,spa:Composición (lingüística)(0.803); eng:Compound (linguistics)(0.686); por:Composição (linguística)(0.878); kor:합성어(0.611); fra:Mot composé(0.669); deu:Komposition (Grammatik)(0.818),,,
technical,ROOT (OF A WORD),root (of a word),radika,3,international (Latin/Greek),Indo-European,Eurasia,radika,radika,translit,1.2,0.0,,,1,wikipedia_langlinks,Root (linguistics),48,0.5064698887084728,8,0.12341985740165776,0.05017431941221238,0.24368646617153383,below 30%,spa:Lexema(0.68); por:Radical (linguística)(0.857); ita:Radice (linguistica)(0.899); nld:Radix (taalkunde)(0.805); hun:Szótő(0.624); cat:Lexema(0.68),,,
technical,LEXICON,lexicon,lekisikon,4,international (Latin/Greek),Indo-European,Eurasia,lexicon,lekisikon,translit,0.5,0.0,,,1,wikipedia_langlinks,Lexicon,46,0.4525258104747309,27,0.18037141394976644,0.17228117993782638,0.39858812420123474,below 30%,spa:Léxico(0.778); por:Léxico(0.778); rus:Лексика(0.762); fra:Lexique(0.738); ita:Lessico(0.726); ind:Leksikon(0.889),,,
technical,DICTIONARY,dictionary,dikitionario,7,international (Latin/Greek),Indo-European,Eurasia,dictionario,dikitionario,translit,2.1,0.0,,,1,wikipedia_langlinks,Dictionary,130,0.7289120310092728,29,0.20088874593738548,0.1861596950492439,0.27560080968787015,below 30%,spa:Diccionario(0.902); eng:Dictionary(0.806); por:Dicionário(0.819); fra:Dictionnaire(0.69); ita:Dizionario(0.816); ary:ديكسيونير(0.707),,,
technical,TRANSLATION,translation,tradukitione,6,international (Latin/Greek),Indo-European,Eurasia,traductione,tradukitione,translit,2.05,0.0,,,1,wikipedia_langlinks,Translation,112,0.7022438789387132,19,0.19211399707992521,0.09817877975442955,0.2735716221126244,below 30%,spa:Traducción(0.819); eng:Translation(0.694); por:Tradução(0.644); fra:Traduction(0.833); ita:Traduzione(0.816); ron:Traducere(0.704),,,
technical,MEANING,meaning,sensu,2,international (Latin/Greek),Indo-European,Eurasia,sensu,sensu,translit,0.0,0.0,,,1,wikipedia_langlinks,,0,,0,,,,,,,,
technical,SOUND,sound,fono,2,international (Latin/Greek),Indo-European,Eurasia,phono,fono,translit,0.0,0.0,,,1,wikipedia_langlinks,,0,,0,,,,,,,,
technical,LETTER,letter,litera,3,international (Latin/Greek),Indo-European,Eurasia,litera,litera,translit,1.5,0.0,,,1,wikipedia_langlinks,Letter (alphabet),114,0.7064932535083772,30,0.21120826069486356,0.14402773936989796,0.2989529760489909,below 30%,spa:Letra(0.822); eng:Letter(0.655); por:Letra(0.822); fra:Lettre (alphabet)(0.776); ita:Lettera (grafematica)(0.847); pol:Litera(1.0),,,
technical,NUMBER,number,numero,3,international (Latin/Greek),Indo-European,Eurasia,numero,numero,translit,1.0,0.0,,,1,wikipedia_langlinks,Number,157,0.7529807069282863,37,0.2102886685756233,0.13935926341942872,0.27927497562782994,below 30%,spa:Número(1.0); eng:Number(0.667); por:Número(1.0); fra:Nombre(0.773); ita:Numero(1.0); hau:Lamba(0.606),,,
technical,QUESTION,question,kiwesitione,6,international (Latin/Greek),Indo-European,Eurasia,questione,kiwesitione,translit,0.45,0.0,,,1,wikipedia_langlinks,Question,46,0.5449998468453106,2,0.06469375889675381,0.055247864050380575,0.11870417812267038,below 30%,eng:Question(0.727); ita:Interrogazione (linguistica)(0.632),,,
technical,EXAMPLE,example,ekisemplo,4,international (Latin/Greek),Indo-European,Eurasia,exemplo,ekisemplo,translit,1.2,0.0,,,1,wikipedia_langlinks,,0,,0,,,,,,,,
technical,RULE,rule,regula,3,international (Latin/Greek),Indo-European,Eurasia,regula,regula,translit,1.7,0.0,,,1,wikipedia_langlinks,,0,,0,,,,,,,,
technical,SYSTEM,system,sisitema,4,international (Latin/Greek),Indo-European,Eurasia,systema,sisitema,translit,0.0,0.0,,,1,wikipedia_langlinks,System,74,0.6392948580139646,46,0.3142827908978753,0.3020163635119736,0.49160850733920686,SHOULD (>30%),spa:Sistema(0.875); eng:System(0.709); por:Sistema(0.875); rus:Система(0.875); jpn:システム(0.927); tur:Sistem(0.75),,,
technical,STRUCTURE,structure,sitrukitura,5,international (Latin/Greek),Indo-European,Eurasia,structura,sitrukitura,translit,2.4,0.0,,,1,wikipedia_langlinks,Structure,47,0.559988375590262,22,0.24924461106028561,0.20869869051215728,0.4450889017072301,below 30%,spa:Estructura(0.727); eng:Structure(0.806); hin:संरचना(0.726); por:Estrutura(0.657); deu:Struktur(0.727); ind:Struktur(0.727),,,
technical,PHONOLOGY,phonology,fonologia,5,international (Latin/Greek),Indo-European,Eurasia,phonologia,fonologia,translit,1.15,0.0,,,1,wikipedia_langlinks,Phonology,98,0.6806200269867233,68,0.2972021436721341,0.2970966062050234,0.43666382399578074,below 30%,spa:Fonología(1.0); eng:Phonology(0.852); por:Fonologia(1.0); rus:Фонология(0.9); fra:Phonologie(0.985); deu:Phonologie(0.985),,,
technical,PHONETICS,phonetics,fonetika,4,international (Latin/Greek),Indo-European,Eurasia,phonetica,fonetika,translit,0.0,0.0,,,1,wikipedia_langlinks,Phonetics,107,0.6852808809163634,79,0.3265002630387259,0.3048608228821499,0.4764473548453986,SHOULD (>30%),spa:Fonética(1.0); eng:Phonetics(0.853); por:Fonética(1.0); rus:Фонетика(1.0); tur:Ses bilgisi(0.614); fra:Phonétique(0.874),,,
technical,SYNTAX,syntax,sintakisisi,5,international (Latin/Greek),Indo-European,Eurasia,syntaxis,sintakisisi,translit,0.0,0.0,,,1,wikipedia_langlinks,Syntax,98,0.6696239377661952,63,0.2997063603064742,0.19615917968238722,0.4475741433412124,below 30%,spa:Sintaxis(0.818); eng:Syntax(0.607); por:Sintaxe(0.721); rus:Синтаксис(0.818); fra:Syntaxe(0.691); deu:Syntax(0.607),,,
technical,SEMANTICS,semantics,semantika,4,international (Latin/Greek),Indo-European,Eurasia,semantica,semantika,translit,0.0,0.0,,,1,wikipedia_langlinks,Semantics,80,0.6570241924474617,55,0.21088120154198728,0.20869465180903052,0.3209641349071788,below 30%,eng:Semantics(0.87); por:Semântica(1.0); rus:Семантика(1.0); fra:Sémantique(0.886); deu:Semantik(0.889); jav:Semantik(0.889),,,
technical,TYPOLOGY,typology,tipologia,5,international (Latin/Greek),Indo-European,Eurasia,typologia,tipologia,translit,1.15,0.0,,,1,wikipedia_langlinks,Linguistic typology,45,0.4979908919848123,11,0.04028577360710008,0.033242841524653094,0.0808966072582884,below 30%,rus:Типология (лингвистика)(0.9); ind:Tipologi (linguistik)(0.889); nld:Taaltypologie(0.666); kaz:Типология(0.9); hun:Nyelvtipológia(0.692); bel:Тыпалогія моў(0.77),,,
technical,LINGUISTICS,linguistics,linguisitika,6,international (Latin/Greek),Indo-European,Eurasia,linguistica,linguisitika,translit,1.15,0.0,,,1,wikipedia_langlinks,Linguistics,168,0.7414369948694395,66,0.25986349727445146,0.25308851665787957,0.35048628416526634,below 30%,spa:Lingüística(0.809); eng:Linguistics(0.711); por:Linguística(0.809); rus:Лингвистика(0.823); fra:Linguistique(0.714); jav:Linguistik(0.726),,,
technical,DIALECT,dialect,dialekito,5,international (Latin/Greek),Indo-European,Eurasia,dialecto,dialekito,translit,1.15,0.0,,,1,wikipedia_langlinks,Dialect,110,0.6961800510284382,62,0.29002895153359576,0.25230123849377983,0.4166004916474522,below 30%,spa:Dialecto(0.889); eng:Dialect(0.778); por:Dialeto(0.778); rus:Диалект(0.778); mar:पोटभाषा(0.669); fra:Dialecte(0.874),,,
technical,ALPHABET,alphabet,alifabeto,5,international (Latin/Greek),Indo-European,Eurasia,alphabeto,alifabeto,translit,1.0,0.0,,,1,wikipedia_langlinks,Alphabet,151,0.7445893650476306,85,0.3329613562780129,0.2956383940015648,0.44717447214239175,SHOULD (>30%),spa:Alfabeto(0.889); eng:Alphabet(0.778); por:Alfabeto(0.889); rus:Алфавит(0.751); jpn:アルファベット(0.954); tur:Alfabe(0.667),,,
technical,TEXT,text,tekisito,4,international (Latin/Greek),Indo-European,Eurasia,texto,tekisito,translit,0.0,0.0,,,1,wikipedia_langlinks,Text (literary theory),58,0.44154482929246763,42,0.2298921911391959,0.15393359390269634,0.5206542481939503,below 30%,spa:Texto(0.75); por:Texto(0.75); rus:Текст(0.625); jpn:テクスト (批評)(0.948); kor:텍스트 (문학이론)(0.841); fra:Texte(0.733),,,
technical,CORPUS,corpus,koripusi,4,international (Latin/Greek),Indo-European,Eurasia,corpus,koripusi,translit,1.0,0.0,,,1,wikipedia_langlinks,Text corpus,43,0.4498338767965766,12,0.060733515005218244,0.03477188117591154,0.13501320851538062,below 30%,jpn:コーパス(0.69); fra:Corpus(0.75); ita:Corpus(0.75); nan:Gí-liāu-khò͘(0.628); pol:Korpus (językoznawstwo)(0.75); nld:Corpus (taalkunde)(0.75),,,
technical,DATA,data,data,2,international (Latin/Greek),Indo-European,Eurasia,data,data,translit,0.2,0.0,,,1,wikipedia_langlinks,Data,81,0.6348481254654038,39,0.2262931722605039,0.2060142908097629,0.3564524540331746,below 30%,spa:Dato(0.966); por:Dados(0.766); jpn:データ(0.966); mar:विदा(0.858); tur:Veri(0.694); deu:Daten(0.772),,,
technical,COMPUTER,computer,komputeri,4,international (Latin/Greek),Indo-European,Eurasia,computer,komputeri,translit,1.0,0.0,,,1,wikipedia_langlinks,Computer,198,0.8073954757056928,107,0.3565025530210075,0.30050775206602026,0.44154638432846227,SHOULD (>30%),spa:Computadora(0.787); eng:Computer(0.889); por:Computador(0.814); rus:Компьютер(0.778); jpn:コンピュータ(0.697); tur:Bilgisayar(0.648),,,
technical,PROGRAM,program,programa,3,international (Latin/Greek),Indo-European,Eurasia,programa,programa,translit,3.0,0.0,,,1,wikipedia_langlinks,Computer program,89,0.6376205871463632,9,0.031127974180441758,0.031127974180441758,0.048818960378543205,below 30%,jpn:プログラム (コンピュータ)(0.772); ita:Programma (informatica)(0.889); hun:Program (informatika)(0.875); slk:Program (počítačový)(0.875); new:प्रोग्राम(0.875); sag:Programme(0.874),,,
technical,MODEL,model,modelo,3,international (Latin/Greek),Indo-European,Eurasia,modello,modelo,translit,0.7,0.0,,,1,wikipedia_langlinks,Conceptual model,19,0.39934705934077963,1,0.0033672865887534238,0.0033672865887534238,0.008431980429033224,below 30%,nld:Model (wetenschap)(0.833),,,
technical,METHOD,method,metodo,3,international (Latin/Greek),Indo-European,Eurasia,methodo,metodo,translit,0.2,0.0,,,1,wikipedia_langlinks,Methodology,56,0.5374151839472251,10,0.020889885077319172,0.0016923894933085389,0.03887103621428491,below 30%,jav:Metodologi(0.6); ind:Metodologi(0.6); swe:Metodologi(0.6); srp:Методика(0.733); dan:Metodologi(0.6); nob:Metodologi(0.6),,,
technical,ANALYSIS,analysis,analisisi,5,international (Latin/Greek),Indo-European,Eurasia,analysis,analisisi,translit,0.8,0.0,,,1,wikipedia_langlinks,Analysis,41,0.48306725041511606,23,0.212278575914526,0.19440159019144157,0.43943897196944703,below 30%,spa:Análisis(0.889); eng:Analysis(0.852); por:Análise(0.77); tur:Analiz(0.663); deu:Analyse(0.734); ind:Analisis(0.889),,,
technical,STATISTICS,statistics,sitatisitika,6,international (Latin/Greek),Indo-European,Eurasia,statistica,sitatisitika,translit,0.0,0.0,,,1,wikipedia_langlinks,Statistics,130,0.7284579527043193,82,0.3129871676171597,0.2916973669667822,0.4296571496751866,SHOULD (>30%),spa:Estadística(0.747); eng:Statistics(0.736); por:Estatística(0.75); rus:Статистика(0.833); tur:İstatistik(0.667); fra:Statistique(0.739),,,
technical,FREQUENCY,frequency,frekiwentia,5,international (Latin/Greek),Indo-European,Eurasia,frequentia,frekiwentia,translit,1.85,0.0,,,1,wikipedia_langlinks,Frequency,106,0.7149429665003141,44,0.24939134312436523,0.2272553039963388,0.34882690621484097,below 30%,spa:Frecuencia(0.875); eng:Frequency(0.762); por:Frequência(0.893); tur:Frekans(0.608); fra:Fréquence(0.796); deu:Frequenz(0.708),,,
technical,POPULATION,population,populatione,6,international (Latin/Greek),Indo-European,Eurasia,populatione,populatione,translit,0.95,0.0,,,1,wikipedia_langlinks,Population,18,0.1521149428239081,17,0.14103642417692716,0.14091323396497238,0.9271700830877232,below 30%,spa:Población (desambiguación)(0.799); tur:Popülasyon(0.864); fra:Population (homonymie)(0.909); deu:Population(0.909); jav:Populasi(0.712); ita:Popolazione (disambigua)(0.969),,,
technical,FAMILY (OF LANGUAGES),family (of languages),familia,4,international (Latin/Greek),Indo-European,Eurasia,familia,familia,translit,0.95,0.0,,,1,wikipedia_langlinks,Language family,98,0.6665412573010929,3,0.01640373224401284,0.0,0.024610227895619778,below 30%,tur:Dil ailesi(0.636); nld:Taalfamilie(0.624); afr:Taalfamilie(0.624),,,
technical,PROJECT,project,projekito,4,international (Latin/Greek),Indo-European,Eurasia,projecto,projekito,translit,1.4,0.0,,,1,wikipedia_langlinks,Project,50,0.5355780404884953,22,0.24416542366610658,0.1372934577323555,0.45589140182709087,below 30%,spa:Proyecto(0.889); hin:परियोजना(0.691); por:Projeto(0.732); rus:Проект (в управленческой деятельности)(0.667); jpn:プロジェクト(0.732); kor:프로젝트(0.605),,,
technical,VERSION,version,ferisione,5,international (Latin/Greek),Indo-European,Eurasia,versione,ferisione,translit,1.45,0.0,,,1,wikipedia_langlinks,,0,,0,,,,,,,,
technical,CATEGORY,category,kategoria,5,international (Latin/Greek),Indo-European,Eurasia,categoria,kategoria,translit,1.65,0.0,,,1,wikipedia_langlinks,Categorization,17,0.31537442293665435,4,0.08113570998931899,0.0,0.2572678825182212,below 30%,spa:Categorización(0.643); ind:Klasifikasi(0.625); nld:Classificatie(0.607); cat:Classificació(0.615),,,
technical,FORM,form,forima,3,international (Latin/Greek),Indo-European,Eurasia,forma,forima,translit,1.0,0.0,,,1,wikipedia_langlinks,,0,,0,,,,,,,,
technical,LIST,list,lisita,3,international (Latin/Greek),Indo-European,Eurasia,lista,lisita,translit,0.5,0.0,,,1,wikipedia_langlinks,List,23,0.21496122696021394,10,0.17768770461400774,0.07273227663440997,0.8266035095105548,below 30%,eng:List(0.667); hin:सूची(0.621); por:Lista(0.833); tur:Liste(0.81); fra:Liste(0.81); deu:Liste(0.81),,,
technical,TABLE,table,tabela,3,international (Latin/Greek),Indo-European,Eurasia,tabella,tabela,translit,0.7,0.0,,,1,wikipedia_langlinks,Table (information),35,0.5023311990355308,26,0.31901563172975367,0.2784041146896366,0.6350703128578504,SHOULD (>30%),spa:Tabla (información)(0.833); eng:Table (information)(0.81); hin:सारणी(0.741); por:Tabela(1.0); rus:Таблица(0.69); jpn:テーブル (情報)(0.856),,,
technical,NOTE,note,nota,2,international (Latin/Greek),Indo-European,Eurasia,nota,nota,translit,0.0,0.0,,,1,wikipedia_langlinks,,0,,0,,,,,,,,
